first_team_all_pro_selections,pro_bowl_selections,number_of_years_as_a_starter,weighted_career_approximate_value,games_played,completions,passes_attempted,passing_yards,passing_touchdowns,interceptions,rushing_attempts,rushing_yards,rushing_touchdowns,height,weight,cluster,year,position,player_id,player,team,round,pick,final_year,age,college
-0.14982047586544328,-0.33128758367842703,0.8442365303229471,0.9706766139909325,0.8495709491996905,0.7629429361352716,0.7086091844213313,0.7007603087092724,0.5590393656232925,0.7826131708256613,0.3694185114484185,-0.009700959290896748,0.26015073375865677,0.19233993184585452,0.5562556948318289,0,2000,QB,2000-18,Chad Pennington,NYJ,1,18,2010,24,42
-0.14982047586544328,-0.33128758367842703,-0.5497092720744622,-0.3441510768673621,-0.19381684068530797,-0.3353021914896034,-0.3251234818452871,-0.3347729290835172,-0.286209977793891,-0.3319387205534819,-0.4423180477320735,-0.4904315123438729,-0.5145005077594019,-0.1651888858763582,-0.0870886664127104,1,2000,QB,2000-75,Chris Redman,BAL,3,75,2011,23,41
-0.14982047586544328,-0.33128758367842703,-0.5497092720744622,-0.6013999729048546,-0.6712993885987818,-0.5637632878751643,-0.5789675257179626,-0.5546929215401941,-0.5053486964576053,-0.6217222123120592,-0.5914125177856333,-0.4784132485175485,-0.5145005077594019,-0.8802465213207752,0.37244302019053194,2,2000,QB,2000-163,Tee Martin,PIT,5,163,2003,22,77
-0.14982047586544328,0.7497561104301244,1.6806040117613925,1.0278430353325976,0.9733627208809614,1.037912184285036,1.0757389999396636,1.0536930039990713,0.7677429072077822,1.4290532678255643,0.02705343206617015,-0.1899749166857628,0.3708151968326652,-0.8802465213207752,-1.373777388901789,-1,2000,QB,2000-168,Marc Bulger,NOR,6,168,2009,23,96
-0.14982047586544328,-0.33128758367842703,-0.5497092720744622,-0.5442335515631896,-0.5475076169175108,-0.5115436087013218,-0.5076394472744009,-0.5182045883866104,-0.49491351937838074,-0.48797598534656195,-0.5638024307386778,-0.43471047096727794,-0.5145005077594019,0.19233993184585452,0.5562556948318289,2,2000,QB,2000-183,Spergon Wynn,CLE,6,183,2001,22,80
7.812067670126686,7.776540122135708,5.304863097994656,4.657910790528324,5.199967496855786,5.757265689621052,5.732518474207196,5.749090913685034,6.267081227959087,4.081686769307925,3.2022134424660536,0.7092097314110539,2.584104458312833,0.7882212947162006,-1.0980583769398435,-1,2000,QB,2000-199,Tom Brady,NWE,6,199,2022,23,46
-0.14982047586544328,-0.33128758367842703,-0.5497092720744622,-0.6013999729048546,-0.7066684662220021,-0.5670270178235295,-0.5863101220283292,-0.5597136030400088,-0.5053486964576053,-0.644013250139642,-0.6190226048325888,-0.5188383177515488,-0.5145005077594019,0.013575522984743925,-0.6385266903366013,1,2000,QB,2000-202,Todd Husak,WAS,6,202,2000,22,74
-0.14982047586544328,-0.33128758367842703,-0.2709201115949803,-0.25840144485486466,-0.016971452569206527,-0.21617604837427518,-0.2128866525296827,-0.2163979878061934,-0.18185820700164612,-0.13131938010523614,-0.3760538388193803,-0.4336179015285212,-0.5145005077594019,-1.5357160204781524,-0.7304330276572497,1,2000,QB,2000-212,Tim Rattay,SFO,7,212,2007,23,40
-0.14982047586544328,-0.33128758367842703,-0.5497092720744622,-0.6013999729048546,-0.6359303109755615,-0.5596836254397078,-0.5758206987278054,-0.5515107994628466,-0.5053486964576053,-0.6217222123120592,-0.5858905003762421,-0.5013572067314406,-0.5145005077594019,-1.2377753390429793,0.2805366828698835,1,2000,QB,2000-214,Jarious Jackson,DEN,7,214,2003,23,57
-0.14982047586544328,-0.33128758367842703,-0.5497092720744622,-0.6013999729048546,-0.7066684662220021,-0.568658882797712,-0.5873590643583816,-0.5595721753921268,-0.5053486964576053,-0.644013250139642,-0.6190226048325888,-0.5199308871903056,-0.5145005077594019,-2.8466550187929154,-2.8442787860321643,-1,2000,QB,2000-234,Joe Hamilton,TAM,7,234,2000,23,27
-0.14982047586544328,1.8307998045386757,1.4018148512819109,2.028255408811735,1.8045360450266381,0.9057311213762472,1.0998646735308681,1.0289431656197026,0.8825298550792515,1.31759807868765,4.196176576156452,6.156760953052279,3.4694201629048997,-1.8336567019133254,-1.189964714260492,-1,2001,QB,2001-1,Michael Vick,ATL,1,1,2015,21,93
2.5041422394652666,6.695496428027157,4.747284777035692,4.171996209124171,4.351109633898498,5.258730940008274,4.946336197832938,5.122849288863063,5.453137415779578,4.7727089419629944,2.1254200476347886,0.3038664696322945,2.252111069090808,-1.6548922930522234,-0.9142457022985466,-1,2001,QB,2001-32,Drew Brees,SDG,2,32,2020,22,65
-0.14982047586544328,-0.33128758367842703,0.007869048884501528,-0.1440686021715347,-0.052340530192426814,-0.12642347479423338,-0.0838667459332402,-0.11145867307766978,-0.17142302992242164,0.18075514948092394,0.21480202398546763,0.048205220963211746,-0.18250711853737675,-0.5823058398856021,0.188630345549235,1,2001,QB,2001-53,Quincy Carter,DAL,2,53,2004,23,26
-0.14982047586544328,-0.33128758367842703,-0.5497092720744622,-0.5728167622340221,-0.4944540004826804,-0.5286781909302388,-0.5401566595060245,-0.5203967169287831,-0.48447834229915626,-0.48797598534656195,-0.5306703262823311,-0.43143276265100766,-0.5145005077594019,-1.1781872027559481,0.004817670907938061,1,2001,QB,2001-59,Marques Tuiasosopo,OAK,2,59,2008,22,94
-0.14982047586544328,-0.33128758367842703,-0.2709201115949803,-0.3441510768673621,-0.2115013794969181,-0.25370894278047446,-0.21550900835481362,-0.2835054067262533,-0.34882104026923794,-0.06444626662248754,-0.3263556821348604,-0.35604547137679093,0.1494862706846484,0.5498687495680588,0.8319747067937743,1,2001,QB,2001-106,Chris Weinke,CAR,4,106,2007,29,23
-0.14982047586544328,-0.33128758367842703,-0.5497092720744622,-0.2298182341840322,0.053766702677234046,-0.2822665798286696,-0.29260626961366343,-0.2656855230931078,-0.19229338408087063,0.0024268468602610476,-0.359487786591207,-0.4139516516308994,-0.4038360446853935,0.7882212947162006,0.4643493575111804,1,2001,QB,2001-109,Sage Rosenfels,WAS,4,109,2010,23,34
-0.14982047586544328,-0.33128758367842703,-0.5497092720744622,-0.5728167622340221,-0.5828766945407311,-0.5172551361109609,-0.524422524555239,-0.5198310063372547,-0.4740431652199318,-0.5548490988293105,-0.5969345351950244,-0.4958943595376567,-0.5145005077594019,-0.6418939761726333,0.7400683694731258,1,2001,QB,2001-125,Jesse Palmer,NYG,4,125,2003,22,20
-0.14982047586544328,-0.33128758367842703,-0.5497092720744622,-0.42990070887985965,-0.2115013794969181,-0.38181034325380686,-0.31725641436989427,-0.35683564215312596,-0.34882104026923794,-0.17590145576040186,-0.1717391946719095,-0.07088484786127554,0.26015073375865677,-0.4035414310244915,-1.4656837262224374,-1,2001,QB,2001-149,Mike McMahon,DET,5,149,2005,22,66
-0.14982047586544328,-0.33128758367842703,-0.2709201115949803,-0.4013174982090271,-0.22918591830852825,-0.22188757578391421,-0.18771203660842561,-0.233015736432341,-0.21316373823931958,0.04700892251542677,-0.4202299780945091,-0.46420984581371055,-0.4038360446853935,-0.04601261330228729,-0.2709013410540073,1,2001,QB,2001-155,A.J. Feeley,PHI,5,155,2011,24,61
-0.14982047586544328,-0.33128758367842703,-0.5497092720744622,-0.6013999729048546,-0.7243530050336122,-0.568658882797712,-0.5873590643583816,-0.5595721753921268,-0.5053486964576053,-0.644013250139642,-0.6245446222419799,-0.517745748312792,-0.5145005077594019,-0.34395329473746034,-0.1789950037333589,1,2001,QB,2001-172,Josh Booty,SEA,6,172,0,25,38
-0.14982047586544328,-0.33128758367842703,-0.5497092720744622,-0.6013999729048546,-0.7243530050336122,-0.568658882797712,-0.5873590643583816,-0.5595721753921268,-0.5053486964576053,-0.644013250139642,-0.6245446222419799,-0.517745748312792,-0.5145005077594019,-0.7610702487467043,-0.7304330276572497,1,2001,QB,2001-177,Josh Heupel,MIA,6,177,0,23,59
-0.14982047586544328,-0.33128758367842703,0.8442365303229471,0.6848445072826076,0.9379936432577411,0.535297772236802,0.6016170667559887,0.4623840082039806,0.17293781369198644,0.9386504356187413,1.0596706876223063,0.9331864663561906,0.4814796599066735,0.19233993184585452,0.004817670907938061,0,2002,QB,2002-1,David Carr,HOU,1,1,2012,23,24
-0.14982047586544328,-0.33128758367842703,1.123025690802429,0.2846795578909527,0.7080946387068093,0.5932289788202835,0.7437487524780859,0.4794260397737745,0.31903029280112927,1.2507249652049013,0.1595818498915566,-0.07853283393257288,-0.5145005077594019,0.5498687495680588,-0.7304330276572497,-1,2002,QB,2002-3,Joey Harrington,DET,1,3,2007,23,61
-0.14982047586544328,-0.33128758367842703,-0.2709201115949803,-0.2012350235131997,-0.07002506900403696,-0.15171738189406336,-0.10851689068947108,-0.14023919942167862,-0.14011749868474818,0.02471788468784391,-0.36500980400059807,-0.42050706826344003,-0.2931715816113851,-0.34395329473746034,-0.36280767837465583,2,2002,QB,2002-32,Patrick Ramsey,WAS,1,32,2008,23,85
-0.14982047586544328,-0.33128758367842703,0.8442365303229471,0.5419284539284451,1.0794699537506223,0.7237781767548898,0.7935735131555739,0.6942546369066955,0.5172986573063946,1.1838518517221528,0.7449156952870134,0.6906360509521889,0.9241375122027071,0.49028061328102757,-0.1789950037333589,-1,2002,QB,2002-81,Josh McCown,ARI,3,81,2019,23,68
-0.14982047586544328,0.20923426337584866,0.8442365303229471,1.1707590886867598,0.79651733276486,0.5785421940526403,0.6089596630663554,0.5720611491365548,0.42338206359337416,0.5597027925498326,1.4738219933266388,1.389880491756518,1.3667953644987407,-0.7014821124596646,1.1076937187557196,-1,2002,QB,2002-108,David Garrard,JAX,4,108,2010,24,19
-0.14982047586544328,-0.33128758367842703,-0.5497092720744622,-0.6013999729048546,-0.6005612333523412,-0.5621314229009817,-0.577394112222884,-0.553349358885314,-0.5053486964576053,-0.644013250139642,-0.5914125177856333,-0.5232085955065758,-0.5145005077594019,-0.6418939761726333,2.0267570919622044,-1,2002,QB,2002-117,Rohan Davey,NWE,4,117,2004,24,38
-0.14982047586544328,-0.33128758367842703,-0.5497092720744622,-0.5728167622340221,-0.6536148497871717,-0.5564198954913427,-0.5642823330972293,-0.5474801114982066,-0.5053486964576053,-0.5548490988293105,-0.5251483088729401,-0.4139516516308994,-0.5145005077594019,0.19233993184585452,1.0157873814350713,2,2002,QB,2002-137,Randy Fasani,CAR,5,137,2002,23,74
-0.14982047586544328,-0.33128758367842703,-0.5497092720744622,-0.5728167622340221,-0.6005612333523412,-0.5327578533656954,-0.5275693515453961,-0.5319230702311748,-0.48447834229915626,-0.5102670231741449,-0.5803684829668511,-0.5035423456089541,-0.5145005077594019,-0.4631295673115312,-1.0980583769398435,1,2002,QB,2002-158,Kurt Kittner,ATL,5,158,2003,22,31
-0.14982047586544328,-0.33128758367842703,-0.5497092720744622,-0.6013999729048546,-0.7243530050336122,-0.568658882797712,-0.5873590643583816,-0.5595721753921268,-0.5053486964576053,-0.644013250139642,-0.6245446222419799,-0.517745748312792,-0.5145005077594019,-0.7610702487467043,-1.189964714260492,1,2002,QB,2002-163,Brandon Doman,SFO,5,163,0,25,7
-0.14982047586544328,-0.33128758367842703,-0.5497092720744622,-0.5728167622340221,-0.6005612333523412,-0.5441809081849733,-0.5621844484371246,-0.5311452181678232,-0.4531728110614828,-0.644013250139642,-0.5693244481480688,-0.5057274844864676,-0.5145005077594019,-0.04601261330228729,0.6481620321524774,1,2002,QB,2002-164,Craig Nall,GNB,5,164,2007,23,38
-0.14982047586544328,-0.33128758367842703,-0.5497092720744622,-0.6013999729048546,-0.7243530050336122,-0.568658882797712,-0.5873590643583816,-0.5595721753921268,-0.5053486964576053,-0.644013250139642,-0.6245446222419799,-0.517745748312792,-0.5145005077594019,-0.04601261330228729,0.188630345549235,1,2002,QB,2002-205,Steve Bellisari,STL,6,205,0,22,58
-0.14982047586544328,-0.33128758367842703,-0.5497092720744622,-0.6013999729048546,-0.7243530050336122,-0.568658882797712,-0.5873590643583816,-0.5595721753921268,-0.5053486964576053,-0.644013250139642,-0.6245446222419799,-0.517745748312792,-0.5145005077594019,-1.2377753390429793,-1.0061520396191952,1,2002,QB,2002-232,Jeff Kelly,SEA,7,232,0,23,73
-0.14982047586544328,1.2902779574844,2.7957606536793196,2.457003568874222,2.4942330586794337,2.646931048829058,2.720480573461792,2.710730040409781,2.562593364834394,3.5244108236183536,1.0375826179847418,0.00013216565791412867,0.3708151968326652,1.1457501124384049,0.8319747067937743,-1,2003,QB,2003-1,Carson Palmer,CIN,1,1,2017,23,88
-0.14982047586544328,-0.33128758367842703,0.2866582093639834,0.34184597923261767,0.33671932366299634,0.19015833019718673,0.2544171555086517,0.1851858183550503,0.09989157413741503,0.2922103386188383,0.1319717628446011,-0.06432943122873495,0.5921441229806819,1.3841026575865467,1.6591317426796104,-1,2003,QB,2003-7,Byron Leftwich,JAX,1,7,2012,23,42
-0.14982047586544328,-0.33128758367842703,0.5654473698434652,-0.1440686021715347,0.4605110953442673,0.1338589885878878,0.2093126353163994,0.07197298622542339,-0.004460196654829843,0.5597027925498326,0.3473304418108541,0.107203970656077,-0.2931715816113851,-0.04601261330228729,1.0157873814350713,-1,2003,QB,2003-19,Kyle Boller,BAL,1,19,2011,22,12
-0.14982047586544328,-0.33128758367842703,0.2866582093639834,0.05601387252429274,0.23061209079333547,0.13549085356207038,0.23186489541252553,0.1639716711727342,0.07902121997896605,0.6934490195153298,-0.17726121208130063,-0.40193338780457505,-0.07184265546336836,-1.2377753390429793,-0.5466203530159528,-1,2003,QB,2003-22,Rex Grossman,CHI,1,22,2011,23,20
-0.14982047586544328,-0.33128758367842703,-0.5497092720744622,-0.5728167622340221,-0.6889839274103919,-0.5523402330558862,-0.566380217757334,-0.5500258091600845,-0.5053486964576053,-0.6217222123120592,-0.5914125177856333,-0.462024706936197,-0.5145005077594019,0.31151620441991695,2.3943824412447983,-1,2003,QB,2003-88,Dave Ragone,HOU,3,88,2003,23,41
-0.14982047586544328,-0.33128758367842703,-0.2709201115949803,-0.37273428753819465,-0.31760861236657895,-0.3263269341315992,-0.31935429902999907,-0.33915718616786256,-0.38012657150691137,-0.24277456924315044,-0.4423180477320735,-0.46530241525246735,-0.4038360446853935,0.7882212947162006,-0.2709013410540073,1,2003,QB,2003-97,Chris Simms,TAM,3,97,2009,23,78
-0.14982047586544328,-0.33128758367842703,-0.2709201115949803,-0.2012350235131997,0.4074574789094369,-0.1868024788389888,-0.1740757863177447,-0.20975088835573436,-0.18185820700164612,-0.2204835314155676,-0.24904743840338495,-0.19762290275706015,-0.4038360446853935,-2.1911855196355297,-2.4766534367495705,-1,2003,QB,2003-110,Seneca Wallace,SEA,4,110,2013,23,34
-0.14982047586544328,-0.33128758367842703,-0.5497092720744622,-0.6013999729048546,-0.6712993885987818,-0.5564198954913427,-0.5700515159125173,-0.5464901179630318,-0.48447834229915626,-0.5771401366568933,-0.5969345351950244,-0.5188383177515488,-0.5145005077594019,-0.04601261330228729,-0.4547140156953043,2,2003,QB,2003-163,Brian St. Pierre,PIT,5,163,2010,23,10
-0.14982047586544328,-0.33128758367842703,-0.5497092720744622,-0.6013999729048546,-0.565192155729121,-0.5596836254397078,-0.5768696410578578,-0.5526422206459035,-0.49491351937838074,-0.6217222123120592,-0.6190226048325888,-0.5100977622414946,-0.5145005077594019,0.5498687495680588,0.6481620321524774,1,2003,QB,2003-192,Drew Henson,HOU,6,192,2008,23,46
-0.14982047586544328,-0.33128758367842703,-0.2709201115949803,-0.42990070887985965,-0.3529776899897992,-0.39649712802145004,-0.39854944494895356,-0.40216320329934135,-0.41143210274458486,-0.4433939096913962,-0.3981419084569447,-0.3483974853054936,-0.5145005077594019,-1.8336567019133254,-1.6494964008637343,1,2003,QB,2003-200,Brooks Bollinger,NYJ,6,200,2008,23,98
-0.14982047586544328,-0.33128758367842703,-0.5497092720744622,-0.6013999729048546,-0.7066684662220021,-0.5678429503106207,-0.5863101220283292,-0.5583700403851288,-0.5053486964576053,-0.644013250139642,-0.6245446222419799,-0.517745748312792,-0.5145005077594019,0.25192806813288576,-0.9142457022985466,1,2003,QB,2003-201,Kliff Kingsbury,NWE,6,201,2005,24,81
-0.14982047586544328,-0.33128758367842703,-0.5497092720744622,-0.6013999729048546,-0.7066684662220021,-0.5678429503106207,-0.5863101220283292,-0.5590771786245394,-0.5053486964576053,-0.644013250139642,-0.6245446222419799,-0.517745748312792,-0.5145005077594019,1.741631475308751,1.567225405358962,1,2003,QB,2003-232,Gibran Hamdan,WAS,7,232,2003,22,32
-0.14982047586544328,-0.33128758367842703,-0.5497092720744622,-0.5442335515631896,-0.44140038404785,-0.39404933056017616,-0.3733748290276965,-0.41234599394685306,-0.42186727982380934,-0.24277456924315044,-0.5638024307386778,-0.49807949841517024,-0.5145005077594019,0.5498687495680588,-0.2709013410540073,1,2003,QB,2003-241,Ken Dorsey,SFO,7,241,2008,22,44
-0.14982047586544328,1.8307998045386757,3.3533389746382833,2.857168518265877,3.4491981545063815,3.425330641514148,3.6708223244892464,3.4727422071985754,3.3139261145385572,4.7949999797905765,1.1148908617162172,0.10174112346229318,0.26015073375865677,1.0265738398643338,-0.1789950037333589,-1,2004,QB,2004-1,Eli Manning,SDG,1,1,2019,23,48
-0.14982047586544328,3.992887192755778,3.632128135117765,3.657498417049187,3.5906744649992626,3.73701685158302,3.6786893919646393,3.9265128154283166,3.887860853895904,4.014813655825177,1.490388045554812,0.13888848438002316,-0.18250711853737675,1.1457501124384049,0.5562556948318289,-1,2004,QB,2004-4,Philip Rivers,NYG,1,4,2020,22,54
-0.14982047586544328,2.911843498647227,4.189706456076729,3.143000624974202,3.679097159057313,3.8700138469789005,3.8407509819577315,3.9723353733421196,3.8565553226582305,4.059395731480342,2.2192943435944374,0.9823520911002449,1.6987887537207658,1.0861619761513737,1.6591317426796104,-1,2004,QB,2004-11,Ben Roethlisberger,PIT,1,11,2021,22,45
-0.14982047586544328,-0.33128758367842703,-0.2709201115949803,-0.05831897015903723,0.07145124148884419,-0.10847296007822503,-0.08806251525344971,-0.11612578545777932,-0.16098785284319717,0.11388203599817537,-0.04473279425591417,0.017613276678022354,-0.18250711853737675,-0.4631295673115312,0.09672400822858652,1,2004,QB,2004-22,J.P. Losman,BUF,1,22,2011,23,85
-0.14982047586544328,0.7497561104301244,1.4018148512819109,1.3422583527117549,2.01675051076596,1.1839640994743768,1.168570396149299,1.2412967789146865,0.913835386316925,1.3844711921703985,0.4577707899986761,-0.13206873643165432,-0.07184265546336836,1.503278930160609,1.8429444173209075,-1,2004,QB,2004-90,Matt Schaub,ATL,3,90,2020,23,92
-0.14982047586544328,-0.33128758367842703,-0.5497092720744622,-0.37273428753819465,0.3720884012862166,-0.3924174655859936,-0.4006473296090583,-0.3919804126518296,-0.41143210274458486,-0.30964768272589904,-0.43679603032268244,-0.3243609576528448,-0.5145005077594019,0.49028061328102757,-1.373777388901789,-1,2004,QB,2004-106,Luke McCown,CLE,4,106,2015,23,40
-0.14982047586544328,-0.33128758367842703,-0.5497092720744622,-0.5728167622340221,-0.6182457721639514,-0.520518866059326,-0.5207512264000556,-0.5087996498024503,-0.4740431652199318,-0.5102670231741449,-0.5251483088729401,-0.4729504013237647,-0.5145005077594019,0.25192806813288576,0.4643493575111804,2,2004,QB,2004-148,Craig Krenzel,CHI,5,148,2004,23,58
-0.14982047586544328,-0.33128758367842703,-0.5497092720744622,-0.6013999729048546,-0.7243530050336122,-0.568658882797712,-0.5873590643583816,-0.5595721753921268,-0.5053486964576053,-0.644013250139642,-0.6245446222419799,-0.517745748312792,-0.5145005077594019,-0.9398346576078064,1.3834127307176651,1,2004,QB,2004-187,Josh Harris,BAL,6,187,0,21,11
-0.14982047586544328,-0.33128758367842703,-0.5497092720744622,-0.4584839195506921,-0.44140038404785,-0.48788156657567444,-0.5055415626142962,-0.4938790329508879,-0.4427376339822583,-0.6217222123120592,-0.45336208255085575,-0.517745748312792,-0.5145005077594019,1.1457501124384049,-2.4766534367495705,-1,2004,QB,2004-193,Jim Sorgi,IND,6,193,2009,23,98
-0.14982047586544328,-0.33128758367842703,-0.5497092720744622,-0.6013999729048546,-0.7243530050336122,-0.568658882797712,-0.5873590643583816,-0.5595721753921268,-0.5053486964576053,-0.644013250139642,-0.6245446222419799,-0.517745748312792,-0.5145005077594019,0.013575522984743925,0.004817670907938061,1,2004,QB,2004-201,Jeff Smoker,STL,6,201,0,22,47
-0.14982047586544328,-0.33128758367842703,-0.5497092720744622,-0.6013999729048546,-0.6889839274103919,-0.5425490432107908,-0.5537929097967055,-0.5353880476042864,-0.48447834229915626,-0.5325580610017276,-0.6245446222419799,-0.517745748312792,-0.5145005077594019,1.741631475308751,2.118663429282853,1,2004,QB,2004-202,John Navarre,ARI,7,202,2005,23,46
-0.14982047586544328,-0.33128758367842703,-0.5497092720744622,-0.5728167622340221,-0.6182457721639514,-0.5539720980300689,-0.5637578619322031,-0.5457829797236213,-0.5053486964576053,-0.5548490988293105,-0.5472363785105044,-0.4663949846912241,-0.5145005077594019,0.25192806813288576,0.9238810441144227,1,2004,QB,2004-217,Cody Pickett,SFO,7,217,2005,24,94
-0.14982047586544328,-0.33128758367842703,-0.5497092720744622,-0.5728167622340221,-0.6889839274103919,-0.5564198954913427,-0.5731983429026745,-0.5499550953361435,-0.5053486964576053,-0.6217222123120592,-0.5858905003762421,-0.4751355402012782,-0.5145005077594019,-1.2377753390429793,-0.9142457022985466,-1,2004,QB,2004-225,Matt Mauck,DEN,7,225,2005,25,38
-0.14982047586544328,-0.33128758367842703,-0.5497092720744622,-0.6013999729048546,-0.7243530050336122,-0.568658882797712,-0.5873590643583816,-0.5595721753921268,-0.5053486964576053,-0.644013250139642,-0.6245446222419799,-0.517745748312792,-0.5145005077594019,-1.2377753390429793,-1.0980583769398435,1,2004,QB,2004-248,B.J. Symons,HOU,7,248,0,23,81
-0.14982047586544328,-0.33128758367842703,-0.5497092720744622,-0.6013999729048546,-0.6712993885987818,-0.5670270178235295,-0.5831632950381721,-0.5590771786245394,-0.5053486964576053,-0.644013250139642,-0.5638024307386778,-0.46530241525246735,-0.4038360446853935,-0.4631295673115312,0.7400683694731258,2,2004,QB,2004-250,Bradlee Van Pelt,DEN,7,250,2005,24,16
-0.14982047586544328,1.2902779574844,3.3533389746382833,2.19975467283673,2.3527567481865526,2.0831217002489772,2.1362196956226174,1.9613756481064357,1.5712515423080677,1.78570987306689,2.5782254752048592,2.3273050702098215,1.1454664383507238,0.627333326741201,-0.5466203530159528,-1,2005,QB,2005-1,Alex Smith,SFO,1,1,2020,21,89
10.466030385457396,5.073930886864329,3.3533389746382833,4.057663366440842,3.360775460448331,3.5118194851458244,3.4306145309072518,3.6164326974467964,4.451360416174026,1.6965457217565587,3.345785895110222,3.269099926418152,3.3587556998308914,-0.6418939761726333,0.004817670907938061,-1,2005,QB,2005-24,Aaron Rodgers,GNB,1,24,2023,21,12
-0.14982047586544328,-0.33128758367842703,0.8442365303229471,0.770594139295105,0.8672554880113006,0.6707425650939559,0.7332593291775622,0.6263693659232841,0.40251170943492515,0.6934490195153298,0.7007395560118846,0.7977078559503519,0.1494862706846484,0.9967797717208183,0.6481620321524774,0,2005,QB,2005-25,Jason Campbell,WAS,1,25,2014,23,6
-0.14982047586544328,-0.33128758367842703,-0.2709201115949803,-0.37273428753819465,-0.2645549959317485,-0.22678317070646195,-0.23229208563565168,-0.2658269507409899,-0.327950686110789,0.0024268468602610476,-0.22695936876582054,-0.1386241530641949,-0.07184265546336836,0.47836298602361454,0.188630345549235,1,2005,QB,2005-67,Charlie Frye,CLE,3,67,2009,24,0
-0.14982047586544328,-0.33128758367842703,-0.2709201115949803,-0.5728167622340221,-0.4590849228594601,-0.42668663004382773,-0.4127101664046607,-0.42387234724924483,-0.4740431652199318,-0.2873566448983162,-0.519626291463549,-0.46420984581371055,-0.5145005077594019,1.819096052481893,0.9238810441144227,1,2005,QB,2005-69,Andrew Walter,OAK,3,69,2008,23,4
-0.14982047586544328,-0.33128758367842703,-0.5497092720744622,-0.6013999729048546,-0.7243530050336122,-0.568658882797712,-0.5873590643583816,-0.5595721753921268,-0.5053486964576053,-0.644013250139642,-0.6245446222419799,-0.517745748312792,-0.5145005077594019,0.25192806813288576,0.2805366828698835,1,2005,QB,2005-85,David Greene,SEA,3,85,0,22,26
-0.14982047586544328,-0.33128758367842703,0.8442365303229471,0.5419284539284451,0.8142018715764702,0.7474402188805371,0.8350067351926428,0.715893067032658,0.548604188544068,0.8940683599635756,0.07122957134129897,-0.19434519444078988,-0.07184265546336836,0.5498687495680588,0.9238810441144227,0,2005,QB,2005-106,Kyle Orton,CHI,4,106,2014,22,65
-0.14982047586544328,-0.33128758367842703,-0.5497092720744622,-0.6013999729048546,-0.7243530050336122,-0.568658882797712,-0.5873590643583816,-0.5595721753921268,-0.5053486964576053,-0.644013250139642,-0.6245446222419799,-0.517745748312792,-0.5145005077594019,-1.8336567019133254,-1.8333090755050312,1,2005,QB,2005-121,Stefan Lefors,CAR,4,121,0,23,41
-0.14982047586544328,-0.33128758367842703,-0.2709201115949803,-0.4013174982090271,-0.2645549959317485,-0.3255110016445079,-0.3188298278649728,-0.3380964788087467,-0.34882104026923794,-0.35422975838106474,-0.5527583959198956,-0.48059838739506205,-0.5145005077594019,1.1457501124384049,0.188630345549235,1,2005,QB,2005-145,Dan Orlovsky,DET,5,145,2015,22,17
-0.14982047586544328,0.20923426337584866,0.2866582093639834,0.05601387252429274,0.6550410222719789,0.17302374796826966,0.2906056658954587,0.20965280143865486,0.120761928295864,0.7826131708256613,-0.06129884648408748,-0.2708250551537633,0.03882180761064002,1.819096052481893,1.751038080000259,-1,2005,QB,2005-213,Derek Anderson,BAL,6,213,2018,22,62
-0.14982047586544328,-0.33128758367842703,-0.5497092720744622,-0.6013999729048546,-0.7243530050336122,-0.568658882797712,-0.5873590643583816,-0.5595721753921268,-0.5053486964576053,-0.644013250139642,-0.6245446222419799,-0.517745748312792,-0.5145005077594019,0.10295772741529922,-0.4547140156953043,1,2005,QB,2005-229,James Kilian,KAN,7,229,0,24,86
-0.14982047586544328,0.20923426337584866,1.123025690802429,0.7420109286242725,1.1678926478086729,0.718882581832342,0.8197970714068833,0.6784854541678406,0.5799097197817414,1.1838518517221528,0.8553560434748355,0.6021379264128911,0.03882180761064002,0.5498687495680588,0.188630345549235,0,2005,QB,2005-230,Matt Cassel,NWE,7,230,2018,23,88
-0.14982047586544328,0.7497561104301244,0.5654473698434652,0.34184597923261767,0.33671932366299634,0.04737014495621116,0.09655133483576879,0.07430654241547817,-0.02533055081327882,0.492829679067084,0.9326642872063109,1.0763130628333266,0.8134730491286987,0.907397567290263,0.5562556948318289,-1,2006,QB,2006-3,Vince Young,TEN,1,3,2011,23,78
-0.14982047586544328,-0.33128758367842703,-0.2709201115949803,-0.25840144485486466,-0.14076322425047752,-0.27002759252230024,-0.2511730475765945,-0.2721204810717437,-0.34882104026923794,-0.17590145576040186,-0.36500980400059807,-0.42050706826344003,-0.2931715816113851,1.0742443488939606,0.004817670907938061,1,2006,QB,2006-10,Matt Leinart,ARI,1,10,2012,23,88
-0.14982047586544328,0.20923426337584866,2.2381823327203563,1.85675614478674,1.9813814331427395,1.918303337856537,1.9930390675704681,1.924816601128911,1.8634365005263533,2.9225528022736165,1.5069540977829854,1.3199560476760852,0.4814796599066735,0.10295772741529922,0.2805366828698835,-1,2006,QB,2006-11,Jay Cutler,DEN,1,11,2017,23,91
-0.14982047586544328,-0.33128758367842703,0.007869048884501528,-0.31556786619652966,0.4074574789094369,-0.28308251231576087,-0.25274646107167303,-0.27296904695903634,-0.33838586319001346,-0.17590145576040186,-0.15517314244373623,-0.2697324857150066,-0.18250711853737675,-0.8623700804346641,0.09672400822858652,1,2006,QB,2006-49,Kellen Clemens,NYJ,2,49,2017,23,61
-0.14982047586544328,-0.33128758367842703,0.007869048884501528,0.027430661853460245,0.3190347848513862,-0.04646209105928707,-0.024601504285280854,-0.0459776721082541,-0.09837679036785023,0.13617307382575822,0.31972035476389854,0.1771284147365099,0.1494862706846484,-0.6418939761726333,0.2805366828698835,-1,2006,QB,2006-64,Tarvaris Jackson,MIN,2,64,2015,23,2
-0.14982047586544328,-0.33128758367842703,-0.5497092720744622,-0.4013174982090271,-0.28223953474335867,-0.3899696681247197,-0.37966848300801076,-0.3854040270253116,-0.3905617485861359,-0.4656849475189791,-0.3153116473160782,-0.34730491586673684,-0.2931715816113851,0.9967797717208183,0.004817670907938061,1,2006,QB,2006-81,Charlie Whitehurst,SDG,3,81,2016,24,15
-0.14982047586544328,-0.33128758367842703,-0.5497092720744622,-0.5442335515631896,-0.40603130642462965,-0.42097510263418875,-0.42005276271502734,-0.44155080323450824,-0.42186727982380934,-0.4433939096913962,-0.5693244481480688,-0.5013572067314406,-0.5145005077594019,-0.34395329473746034,-1.6494964008637343,1,2006,QB,2006-85,Brodie Croyle,KAN,3,85,2010,23,1
-0.14982047586544328,-0.33128758367842703,-0.2709201115949803,-0.11548539150070221,1.5215834240408759,-0.5653951528493468,-0.5821143527081197,-0.555965770371133,-0.49491351937838074,-0.5994311744844762,0.11540571061642779,0.5442317461587826,-0.07184265546336836,-0.6418939761726333,-0.9142457022985466,-1,2006,QB,2006-103,Brad Smith,NYJ,4,103,2014,22,50
-0.14982047586544328,-0.33128758367842703,-0.5497092720744622,-0.6013999729048546,-0.7066684662220021,-0.568658882797712,-0.5873590643583816,-0.5595721753921268,-0.5053486964576053,-0.644013250139642,-0.6135005874231977,-0.5232085955065758,-0.5145005077594019,-0.49292363545504686,-0.2709013410540073,1,2006,QB,2006-148,Ingle Martin,GNB,5,148,2006,24,25
-0.14982047586544328,-0.33128758367842703,-0.5497092720744622,-0.6013999729048546,-0.7243530050336122,-0.568658882797712,-0.5873590643583816,-0.5595721753921268,-0.5053486964576053,-0.644013250139642,-0.6245446222419799,-0.517745748312792,-0.5145005077594019,0.47836298602361454,0.8319747067937743,1,2006,QB,2006-164,Omar Jacobs,PIT,5,164,0,22,11
-0.14982047586544328,-0.33128758367842703,-0.5497092720744622,-0.6013999729048546,-0.6005612333523412,-0.568658882797712,-0.5873590643583816,-0.5595721753921268,-0.5053486964576053,-0.644013250139642,-0.6190226048325888,-0.5090051928027379,-0.5145005077594019,-0.6418939761726333,-2.292840762108274,1,2006,QB,2006-193,Reggie McNeal,CIN,6,193,2006,22,79
-0.14982047586544328,-0.33128758367842703,-0.2709201115949803,-0.37273428753819465,-0.07002506900403696,-0.26268420013847865,-0.21550900835481362,-0.2726861916632721,-0.286209977793891,-0.10902834227765326,-0.13860709021556292,-0.15829040296181665,-0.5145005077594019,-1.0113404211522505,-0.5466203530159528,1,2006,QB,2006-194,Bruce Gradkowski,TAM,6,194,2014,23,83
-0.14982047586544328,-0.33128758367842703,-0.5497092720744622,-0.6013999729048546,-0.7243530050336122,-0.568658882797712,-0.5873590643583816,-0.5595721753921268,-0.5053486964576053,-0.644013250139642,-0.6245446222419799,-0.517745748312792,-0.5145005077594019,-1.1603107618698372,-0.8223393649778982,1,2006,QB,2006-223,D.J. Shockley,ATL,7,223,0,23,26
-0.14982047586544328,-0.33128758367842703,0.007869048884501528,-0.42990070887985965,-0.17613230187369783,-0.2798187823673957,-0.23071867214057312,-0.2708476322408047,-0.31751550903156445,-0.13131938010523614,-0.4036639258663358,-0.3265460965303583,-0.4038360446853935,1.443690793873578,3.8648838383751736,-1,2007,QB,2007-1,JaMarcus Russell,OAK,1,1,2009,22,38
-0.14982047586544328,-0.33128758367842703,-0.2709201115949803,-0.5442335515631896,-0.2999240735549688,-0.32714286661869046,-0.29889992359397766,-0.3443900091395005,-0.38012657150691137,-0.2650656070707333,-0.3815758562287714,-0.3156204021427907,-0.4038360446853935,0.40089840885047223,0.8319747067937743,1,2007,QB,2007-22,Brady Quinn,CLE,1,22,2012,22,57
-0.14982047586544328,-0.33128758367842703,-0.2709201115949803,-0.25840144485486466,-0.12307868543886738,-0.20230519609372327,-0.19138333476360894,-0.19143600795500146,-0.21316373823931958,-0.0867373044500704,-0.24352542099399385,-0.26754734683749304,-0.2931715816113851,0.031451963870854985,-0.4547140156953043,2,2007,QB,2007-36,Kevin Kolb,PHI,2,36,2012,23,29
-0.14982047586544328,-0.33128758367842703,-0.5497092720744622,-0.4870671302215246,-0.565192155729121,-0.4544283346049316,-0.4620104559171224,-0.45937068686765375,-0.4740431652199318,-0.48797598534656195,-0.519626291463549,-0.45765442918117,-0.18250711853737675,-0.5644293989994911,-0.7304330276572497,1,2007,QB,2007-40,John Beck,MIA,2,40,2011,26,7
-0.14982047586544328,-0.33128758367842703,-0.2709201115949803,-0.31556786619652966,-0.052340530192426814,-0.2871621747512173,-0.24173256660612308,-0.27254476401539,-0.2966451548731155,-0.10902834227765326,-0.18278322949069173,-0.27738047178630393,-0.2931715816113851,0.10295772741529922,0.2805366828698835,1,2007,QB,2007-43,Drew Stanton,DET,2,43,2017,23,47
-0.14982047586544328,-0.33128758367842703,0.007869048884501528,-0.1440686021715347,-0.052340530192426814,-0.10928889256531632,-0.10012535204905207,-0.13295567555575008,-0.23403409239776857,0.02471788468784391,-0.19382726430947392,-0.15719783352305988,-0.18250711853737675,0.627333326741201,0.7400683694731258,1,2007,QB,2007-92,Trent Edwards,BUF,3,92,2012,23,74
-0.14982047586544328,-0.33128758367842703,-0.5497092720744622,-0.6013999729048546,-0.3352931511781891,-0.568658882797712,-0.5873590643583816,-0.5595721753921268,-0.5053486964576053,-0.644013250139642,-0.6245446222419799,-0.517745748312792,-0.5145005077594019,-0.41545905828190455,-0.6385266903366013,1,2007,QB,2007-103,Isaiah Stanback,DAL,4,103,2012,23,94
-0.14982047586544328,-0.33128758367842703,-0.5497092720744622,-0.42990070887985965,-0.37066222880140937,-0.46993105185966605,-0.4646328117422534,-0.43695440467833974,-0.42186727982380934,-0.5325580610017276,-0.33739971695364257,-0.2664547773987363,-0.18250711853737675,-1.8336567019133254,0.188630345549235,1,2007,QB,2007-174,Troy Smith,BAL,5,174,2010,23,58
-0.14982047586544328,-0.33128758367842703,-0.5497092720744622,-0.6013999729048546,-0.6359303109755615,-0.5596836254397078,-0.5779185833879102,-0.5549050630120173,-0.5053486964576053,-0.5994311744844762,-0.6135005874231977,-0.5144680399965217,-0.5145005077594019,1.52115537104672,0.7400683694731258,1,2007,QB,2007-205,Jordan Palmer,WAS,6,205,2014,23,82
2.5041422394652666,1.8307998045386757,3.632128135117765,3.5717487850366894,3.413829076883161,3.9605823530460333,3.8517648764232817,3.880690257514514,3.4704537707269245,3.4352466723080224,2.2137723261850466,1.1637186179338679,0.9241375122027071,0.9967797717208183,0.4643493575111804,-1,2008,QB,2008-3,Matt Ryan,ATL,1,3,2022,23,10
-0.14982047586544328,-0.33128758367842703,-0.5497092720744622,-0.6013999729048546,-0.6712993885987818,-0.5466287056462472,-0.5600865637770198,-0.5417522917589812,-0.5053486964576053,-0.5325580610017276,-0.6079785700138066,-0.5210234566290622,-0.5145005077594019,-0.11751837684673153,0.6481620321524774,2,2008,QB,2008-56,Brian Brohm,GNB,2,56,2010,22,41
-0.14982047586544328,-0.33128758367842703,0.2866582093639834,0.1417635045367902,0.6550410222719789,0.4104601017118348,0.4694503331693891,0.38021454478447625,0.120761928295864,0.7603221329980784,0.1651038673009477,-0.13425387530916785,-0.07184265546336836,-0.11751837684673153,0.6481620321524774,0,2008,QB,2008-57,Chad Henne,MIA,2,57,2022,23,46
-0.14982047586544328,-0.33128758367842703,-0.5497092720744622,-0.6013999729048546,-0.6889839274103919,-0.5653951528493468,-0.5842122373682245,-0.5579457574414826,-0.5053486964576053,-0.644013250139642,-0.6079785700138066,-0.5243011649453326,-0.5145005077594019,1.1457501124384049,0.188630345549235,1,2008,QB,2008-94,Kevin O'Connell,NWE,3,94,2008,23,69
-0.14982047586544328,-0.33128758367842703,-0.5497092720744622,-0.5442335515631896,-0.6536148497871717,-0.5401012457495169,-0.5564152656218364,-0.5311452181678232,-0.49491351937838074,-0.5994311744844762,-0.5693244481480688,-0.4565618597424132,-0.4038360446853935,0.10295772741529922,-2.568559774070219,-1,2008,QB,2008-156,Dennis Dixon,PIT,5,156,2010,23,61
-0.14982047586544328,-0.33128758367842703,-0.5497092720744622,-0.6013999729048546,-0.7243530050336122,-0.568658882797712,-0.5873590643583816,-0.5595721753921268,-0.5053486964576053,-0.644013250139642,-0.6245446222419799,-0.517745748312792,-0.5145005077594019,1.443690793873578,0.188630345549235,1,2008,QB,2008-162,Erik Ainge,NYJ,5,162,0,22,77
-0.14982047586544328,-0.33128758367842703,-0.5497092720744622,-0.6013999729048546,-0.7243530050336122,-0.568658882797712,-0.5873590643583816,-0.5595721753921268,-0.5053486964576053,-0.644013250139642,-0.6245446222419799,-0.517745748312792,-0.5145005077594019,-0.41545905828190455,-1.4656837262224374,1,2008,QB,2008-186,Colt Brennan,WAS,6,186,0,25,28
-0.14982047586544328,-0.33128758367842703,-0.5497092720744622,-0.6013999729048546,-0.7243530050336122,-0.568658882797712,-0.5873590643583816,-0.5595721753921268,-0.5053486964576053,-0.644013250139642,-0.6245446222419799,-0.517745748312792,-0.5145005077594019,0.5498687495680588,0.5562556948318289,1,2008,QB,2008-198,Andre Woodson,NYG,6,198,0,24,37
-0.14982047586544328,-0.33128758367842703,-0.5497092720744622,-0.37273428753819465,0.17755847435850505,-0.3899696681247197,-0.4001228584440321,-0.37988834875790944,-0.327950686110789,-0.3988118340362305,-0.26561349063155826,-0.4423584570385753,-0.4038360446853935,-0.49292363545504686,0.7400683694731258,1,2008,QB,2008-209,Matt Flynn,GNB,7,209,2014,23,38
-0.14982047586544328,-0.33128758367842703,-0.5497092720744622,-0.6013999729048546,-0.7243530050336122,-0.568658882797712,-0.5873590643583816,-0.5595721753921268,-0.5053486964576053,-0.644013250139642,-0.6245446222419799,-0.517745748312792,-0.5145005077594019,-0.49292363545504686,-1.0980583769398435,1,2008,QB,2008-223,Alex Brink,HOU,7,223,0,23,95
-0.14982047586544328,0.7497561104301244,3.0745498141588015,2.857168518265877,2.918661990158077,3.3755587598015793,3.4243208769269375,3.4037255150321073,3.2200095208255366,3.3683735588252737,1.645004533017763,0.9189830636523526,1.1454664383507238,-0.49292363545504686,0.188630345549235,-1,2009,QB,2009-1,Matthew Stafford,DET,1,1,2023,21,26
-0.14982047586544328,-0.33128758367842703,0.5654473698434652,0.31326276856178514,0.672725561083589,0.5034764052402417,0.6294140385023768,0.5263800188706341,0.39207653235570067,1.339889116515233,0.3141983373545075,-0.01844151480095086,0.9241375122027071,-0.5644293989994911,0.37244302019053194,-1,2009,QB,2009-5,Mark Sanchez,NYJ,1,5,2018,22,88
-0.14982047586544328,-0.33128758367842703,0.5654473698434652,0.4561788219159476,0.3720884012862166,0.3933255194829177,0.48675788161525335,0.42144070414211054,0.3399006469595782,0.8717773221359927,0.5074689466831961,0.5158249407511067,-0.07184265546336836,1.5926611345911643,2.3024761039241497,-1,2009,QB,2009-17,Josh Freeman,TAM,1,17,2015,21,36
-0.14982047586544328,-0.33128758367842703,-0.5497092720744622,-0.5728167622340221,-0.4944540004826804,-0.568658882797712,-0.5847367085332507,-0.5595721753921268,-0.5053486964576053,-0.644013250139642,-0.5085822566447668,-0.4292476237734941,-0.5145005077594019,-1.684686361195739,-2.384747099428922,-1,2009,QB,2009-44,Pat White,MIA,2,44,2009,23,96
-0.14982047586544328,-0.33128758367842703,-0.5497092720744622,-0.5442335515631896,-0.6712993885987818,-0.5311259883915127,-0.5443524288262341,-0.5298723693368842,-0.4740431652199318,-0.644013250139642,-0.5306703262823311,-0.40630366555960207,-0.5145005077594019,-0.11751837684673153,0.188630345549235,2,2009,QB,2009-101,Stephen McGee,DAL,4,101,2011,23,79
-0.14982047586544328,-0.33128758367842703,-0.5497092720744622,-0.6013999729048546,-0.7066684662220021,-0.568658882797712,-0.5863101220283292,-0.5595721753921268,-0.5053486964576053,-0.644013250139642,-0.6245446222419799,-0.517745748312792,-0.5145005077594019,1.1457501124384049,-0.2709013410540073,1,2009,QB,2009-174,Tom Brandstater,DEN,6,174,2011,24,24
-0.14982047586544328,-0.33128758367842703,-0.2709201115949803,-0.5442335515631896,-0.47676946167107026,-0.4479008747082013,-0.43683583999586534,-0.4407022373472156,-0.4427376339822583,-0.35422975838106474,-0.49753822182598456,-0.3986556794883047,-0.5145005077594019,-0.11751837684673153,0.188630345549235,1,2009,QB,2009-201,Curtis Painter,IND,6,201,2013,24,65
-0.14982047586544328,-0.33128758367842703,0.8442365303229471,0.6562612966117751,0.7434637163300296,0.9448958807566291,0.968746882274321,0.8157409864374257,0.569474542702517,0.7157400573429127,0.181669919529121,-0.14627213913549225,-0.2931715816113851,0.6988390902856453,1.1996000560763682,-1,2010,QB,2010-1,Sam Bradford,STL,1,1,2018,22,59
-0.14982047586544328,-0.33128758367842703,-0.2709201115949803,-0.25840144485486466,-0.10539414662725724,-0.42750256253091906,-0.39802497378392737,-0.3883032938068948,-0.327950686110789,-0.4433939096913962,0.4632928074080672,0.5628054266176475,0.8134730491286987,-0.1949829540198738,1.1996000560763682,-1,2010,QB,2010-25,Tim Tebow,DEN,1,25,2012,23,20
-0.14982047586544328,-0.33128758367842703,-0.2709201115949803,-0.5156503408923571,-0.3529776899897992,-0.3605960985894333,-0.3398086744660204,-0.38137333906067156,-0.4323024569030338,-0.3319387205534819,-0.4202299780945091,-0.40630366555960207,-0.5145005077594019,-0.266488717564318,-0.0870886664127104,1,2010,QB,2010-48,Jimmy Clausen,CAR,2,48,2015,22,57
-0.14982047586544328,-0.33128758367842703,0.007869048884501528,-0.11548539150070221,0.2659811684165558,0.054713537340032765,0.05249575697356892,0.004370570537776103,-0.15055267576397266,0.06929996034300964,0.341808424401463,0.11812966504364464,-0.2931715816113851,-1.1603107618698372,-0.6385266903366013,-1,2010,QB,2010-85,Colt McCoy,CLE,3,85,2022,24,78
-0.14982047586544328,-0.33128758367842703,-0.5497092720744622,-0.6013999729048546,-0.6536148497871717,-0.5596836254397078,-0.5789675257179626,-0.552005796230434,-0.5053486964576053,-0.5994311744844762,-0.6079785700138066,-0.517745748312792,-0.5145005077594019,0.031451963870854985,0.188630345549235,1,2010,QB,2010-122,Mike Kafka,PHI,4,122,2011,23,56
-0.14982047586544328,-0.33128758367842703,-0.5497092720744622,-0.5728167622340221,-0.6712993885987818,-0.5498924355946124,-0.5637578619322031,-0.5430251405899202,-0.5053486964576053,-0.5548490988293105,-0.6245446222419799,-0.517745748312792,-0.5145005077594019,1.1457501124384049,0.09672400822858652,1,2010,QB,2010-176,Rusty Smith,TEN,6,176,2012,23,21
-0.14982047586544328,-0.33128758367842703,-0.5497092720744622,-0.6013999729048546,-0.7066684662220021,-0.5637632878751643,-0.5810654103780674,-0.5562486256668973,-0.5053486964576053,-0.644013250139642,-0.6245446222419799,-0.517745748312792,-0.5145005077594019,1.5926611345911643,0.004817670907938061,1,2010,QB,2010-204,Tony Pike,CAR,6,204,2010,24,14
-0.14982047586544328,-0.33128758367842703,-0.5497092720744622,-0.6013999729048546,-0.7066684662220021,-0.5670270178235295,-0.585785650863303,-0.5578750436175415,-0.5053486964576053,-0.6217222123120592,-0.6245446222419799,-0.517745748312792,-0.5145005077594019,0.25192806813288576,0.5562556948318289,1,2010,QB,2010-209,Levi Brown,BUF,7,209,2010,23,84
2.5041422394652666,1.2902779574844,1.9593931722408744,2.685669254240882,1.8929587390846887,1.619672047581125,1.7591249279687877,1.7302828714670724,1.5190756569119452,2.0977844026530503,5.549070841457272,5.6312350530102755,7.785334222791226,1.1457501124384049,2.3024761039241497,-1,2011,QB,2011-1,Cam Newton,CAR,1,1,2021,22,6
-0.14982047586544328,-0.33128758367842703,-0.2709201115949803,-0.1726518128423672,-0.19381684068530797,-0.23575842806446612,-0.21550900835481362,-0.20833661187691327,-0.2235989153185441,-0.153610417932819,-0.0999529683498252,0.185868970246564,0.03882180761064002,-0.34395329473746034,0.7400683694731258,2,2011,QB,2011-8,Jake Locker,TEN,1,8,2014,23,94
-0.14982047586544328,-0.33128758367842703,0.007869048884501528,-0.11548539150070221,0.4958801729674876,0.15099357081680487,0.23501172240268267,0.11128987233664922,0.02684533458284362,0.4705386412395012,0.4853808770456316,0.23066431723559133,-0.18250711853737675,0.7763036674587875,1.0157873814350713,-1,2011,QB,2011-10,Blaine Gabbert,JAX,1,10,2023,21,50
-0.14982047586544328,-0.33128758367842703,0.2866582093639834,0.027430661853460245,-0.052340530192426814,-0.05298955095601739,-0.03299304292569988,-0.08875953559259156,-0.10881196744707472,0.1584641116533411,0.07122957134129897,0.1804061230527802,0.26015073375865677,-0.6418939761726333,0.5562556948318289,-1,2011,QB,2011-12,Christian Ponder,MIN,1,12,2014,23,23
-0.14982047586544328,1.2902779574844,2.5169714931998377,1.9996721981409025,2.264334054128502,2.212039033209401,2.273106669694453,2.16368789840179,2.0617048650316185,2.5658961970322904,1.976325577581229,1.0959793127309485,1.9201176798687827,-0.6418939761726333,-0.7304330276572497,-1,2011,QB,2011-35,Andy Dalton,CIN,2,35,2023,23,76
-0.14982047586544328,-0.33128758367842703,0.5654473698434652,0.6848445072826076,0.4958801729674876,0.2562488616515812,0.3000461468659301,0.3081571581885426,0.24598405324655787,0.02471788468784391,1.4462119062796832,1.9951639608277654,0.9241375122027071,0.9252740081763741,0.9238810441144227,-1,2011,QB,2011-36,Colin Kaepernick,SFO,2,36,2016,23,52
-0.14982047586544328,-0.33128758367842703,-0.5497092720744622,-0.4870671302215246,-0.3529776899897992,-0.4136317102503671,-0.4064165124243464,-0.42981230846029334,-0.41143210274458486,-0.42110287186381334,-0.46992813477902906,-0.5232085955065758,-0.4038360446853935,2.1885424974615106,2.762007790527392,-1,2011,QB,2011-74,Ryan Mallett,NWE,3,74,2017,23,5
-0.14982047586544328,-0.33128758367842703,-0.5497092720744622,-0.6013999729048546,-0.7243530050336122,-0.568658882797712,-0.5873590643583816,-0.5595721753921268,-0.5053486964576053,-0.644013250139642,-0.6245446222419799,-0.517745748312792,-0.5145005077594019,0.7763036674587875,0.004817670907938061,1,2011,QB,2011-135,Ricky Stanzi,KAN,5,135,0,24,33
-0.14982047586544328,-0.33128758367842703,-0.5497092720744622,-0.42990070887985965,-0.3352931511781891,-0.4226069676083713,-0.41743040688989635,-0.4141138395453794,-0.4009969256653604,-0.3988118340362305,-0.46992813477902906,-0.40084081836581825,-0.4038360446853935,0.5498687495680588,-0.7304330276572497,1,2011,QB,2011-152,T.J. Yates,HOU,5,152,2017,24,53
-0.14982047586544328,-0.33128758367842703,-0.5497092720744622,-0.6013999729048546,-0.7243530050336122,-0.568658882797712,-0.5873590643583816,-0.5595721753921268,-0.5053486964576053,-0.644013250139642,-0.6245446222419799,-0.517745748312792,-0.5145005077594019,0.627333326741201,1.567225405358962,1,2011,QB,2011-160,Nathan Enderle,CHI,5,160,0,23,30
-0.14982047586544328,0.20923426337584866,0.2866582093639834,0.770594139295105,0.9026245656345209,0.30275701341578465,0.3199760511369253,0.2985400781325593,0.17293781369198644,0.0024268468602610476,1.6063504111520253,1.9602017387875488,1.5881242906467574,-1.386745679760566,-0.5466203530159528,-1,2011,QB,2011-180,Tyrod Taylor,BAL,6,180,2023,22,93
-0.14982047586544328,-0.33128758367842703,-0.5497092720744622,-0.5728167622340221,-0.6889839274103919,-0.5531561655429775,-0.5711004582425697,-0.5444394170687413,-0.49491351937838074,-0.6217222123120592,-0.5803684829668511,-0.4849686651500891,-0.5145005077594019,-0.7133997397170776,-0.2709013410540073,1,2011,QB,2011-208,Greg McElroy,NYJ,7,208,2012,23,1
-0.14982047586544328,1.8307998045386757,0.8442365303229471,1.4565911953950847,0.79651733276486,1.063206091384866,1.13815106857778,1.1142947511165542,1.2790665840897821,1.2061428895497357,1.208765157675866,1.2194396593104628,1.0348019752767155,0.5498687495680588,1.0157873814350713,-1,2012,QB,2012-1,Andrew Luck,IND,1,1,2018,22,74
-0.14982047586544328,0.20923426337584866,0.2866582093639834,0.42759561124511514,0.2659811684165558,0.08327117438822788,0.07767037289482599,0.09601568636538163,-0.05663608205095228,0.02471788468784391,1.0707147224410885,1.4587123663981942,0.5921441229806819,-0.6418939761726333,-0.9142457022985466,-1,2012,QB,2012-2,Robert Griffin III,WAS,1,2,2020,22,9
-0.14982047586544328,0.20923426337584866,2.2381823327203563,1.9996721981409025,2.01675051076596,1.9305423251629064,1.9112215658263825,1.9069967174957656,1.748649552654884,1.9194561000323873,1.8051430378901048,1.7799277813926828,2.4734399952388246,0.47836298602361454,-0.1789950037333589,-1,2012,QB,2012-8,Ryan Tannehill,MIA,1,8,2023,24,79
-0.14982047586544328,-0.33128758367842703,-0.2709201115949803,-0.2298182341840322,-0.10539414662725724,-0.11255262251368148,-0.08124439010810926,-0.10261944508503808,-0.18185820700164612,0.02471788468784391,-0.28217954285973157,-0.2992318605614392,-0.4038360446853935,0.25192806813288576,-0.1789950037333589,1,2012,QB,2012-22,Brandon Weeden,CLE,1,22,2018,28,60
-0.14982047586544328,-0.33128758367842703,-0.2709201115949803,-0.2012350235131997,0.14218939673528475,4.6060704916401844e-05,0.02364984289712853,-0.03501702939739078,-0.11924714452629921,0.04700892251542677,-0.1165190205779985,-0.2271222776034928,-0.07184265546336836,2.266007074634653,1.751038080000259,-1,2012,QB,2012-57,Brock Osweiler,DEN,2,57,2018,21,4
-0.14982047586544328,4.533409039810054,2.5169714931998377,3.2859166783283644,2.6003402915490943,2.4241814798531363,2.383770085514979,2.527298381106688,2.9800004480033735,1.7188367595841414,4.792554456370691,5.280520263169355,2.6947689213868413,-2.6500141690457024,-1.7414027381843828,-1,2012,QB,2012-75,Russell Wilson,SEA,3,75,2023,23,98
-0.14982047586544328,0.20923426337584866,0.2866582093639834,0.31326276856178514,0.5312492505907079,0.49368521539514626,0.5072122570512747,0.44647339781724354,0.35033582403880276,0.4036655277567526,0.2092800065760765,-0.07306998673878906,0.1494862706846484,1.1457501124384049,1.8429444173209075,-1,2012,QB,2012-88,Nick Foles,PHI,3,88,2022,23,3
-0.14982047586544328,1.8307998045386757,1.6806040117613925,2.0854218301534,1.928327816707909,2.2585471849736045,2.1278281569821984,2.231573169385202,2.3121491149330065,1.808000910894473,1.054148670212915,0.5289357740161879,1.5881242906467574,-0.266488717564318,-0.8223393649778982,-1,2012,QB,2012-102,Kirk Cousins,WAS,4,102,2023,24,47
-0.14982047586544328,-0.33128758367842703,-0.5497092720744622,-0.7157328155881846,-0.5475076169175108,-0.4544283346049316,-0.4436539651412058,-0.46255280894500117,-0.4740431652199318,-0.3988118340362305,-0.6024565526044154,-0.5100977622414946,-0.5145005077594019,0.40089840885047223,0.5562556948318289,1,2012,QB,2012-185,Ryan Lindley,ARI,6,185,2015,23,69
-0.14982047586544328,-0.33128758367842703,-0.5497092720744622,-0.6013999729048546,-0.7243530050336122,-0.568658882797712,-0.5873590643583816,-0.5595721753921268,-0.5053486964576053,-0.644013250139642,-0.6245446222419799,-0.517745748312792,-0.5145005077594019,-0.8623700804346641,-0.36280767837465583,1,2012,QB,2012-253,Chandler Harnish,IND,7,253,0,24,55
-0.14982047586544328,-0.33128758367842703,-0.2709201115949803,-0.31556786619652966,-0.19381684068530797,-0.2887940397253999,-0.2779210769929301,-0.29319320060617765,-0.2966451548731155,-0.2873566448983162,-0.09443095094043409,-0.14736470857424902,-0.07184265546336836,0.5498687495680588,1.2915063933970166,1,2013,QB,2013-16,EJ Manuel,BUF,1,16,2017,23,23
-0.14982047586544328,0.7497561104301244,0.2866582093639834,0.5990948752701101,0.6373564834603688,0.5034764052402417,0.5019675454010128,0.4886188368861115,0.3712061781972517,0.6265759060325812,0.82774595642788,0.8173741058479737,0.5921441229806819,-0.41545905828190455,-0.4547140156953043,-1,2013,QB,2013-39,Geno Smith,NYJ,2,39,2023,22,96
-0.14982047586544328,-0.33128758367842703,-0.2709201115949803,-0.3441510768673621,-0.016971452569206527,-0.00648139919181391,0.014209361926657126,-0.06280756220622487,-0.014895373734054331,0.13617307382575822,-0.3153116473160782,-0.364786026886845,-0.4038360446853935,2.414977415352239,0.188630345549235,-1,2013,QB,2013-73,Mike Glennon,TAM,3,73,2021,23,54
-0.14982047586544328,-0.33128758367842703,-0.2709201115949803,-0.4584839195506921,-0.37066222880140937,-0.39568119553435877,-0.396976031453875,-0.368715564575223,-0.3905617485861359,-0.153610417932819,-0.48097216959781125,-0.5341342898941435,-0.5145005077594019,-0.34395329473746034,0.6481620321524774,2,2013,QB,2013-98,Matt Barkley,PHI,4,98,2023,22,88
-0.14982047586544328,-0.33128758367842703,-0.5497092720744622,-0.6013999729048546,-0.6359303109755615,-0.5613154904138904,-0.5821143527081197,-0.5505208059276719,-0.49491351937838074,-0.644013250139642,-0.6135005874231977,-0.5210234566290622,-0.5145005077594019,-0.5644293989994911,0.37244302019053194,1,2013,QB,2013-110,Ryan Nassib,NYG,4,110,2015,23,75
-0.14982047586544328,-0.33128758367842703,-0.5497092720744622,-0.6013999729048546,-0.7243530050336122,-0.568658882797712,-0.5873590643583816,-0.5595721753921268,-0.5053486964576053,-0.644013250139642,-0.6245446222419799,-0.517745748312792,-0.5145005077594019,-0.5644293989994911,-0.7304330276572497,1,2013,QB,2013-112,Tyler Wilson,OAK,4,112,0,24,5
-0.14982047586544328,-0.33128758367842703,-0.5497092720744622,-0.4870671302215246,-0.40603130642462965,-0.4805381741918528,-0.49872343746895564,-0.4669370660293465,-0.42186727982380934,-0.48797598534656195,-0.519626291463549,-0.5385045676491705,-0.5145005077594019,0.627333326741201,0.188630345549235,1,2013,QB,2013-115,Landry Jones,PIT,4,115,2017,24,59
-0.14982047586544328,-0.33128758367842703,-0.5497092720744622,-0.6013999729048546,-0.7243530050336122,-0.568658882797712,-0.5873590643583816,-0.5595721753921268,-0.5053486964576053,-0.644013250139642,-0.6245446222419799,-0.517745748312792,-0.5145005077594019,-0.11751837684673153,0.37244302019053194,1,2013,QB,2013-234,Zac Dysert,DEN,7,234,0,23,45
-0.14982047586544328,-0.33128758367842703,-0.5497092720744622,-0.6013999729048546,-0.5828766945407311,-0.5678429503106207,-0.5863101220283292,-0.5590771786245394,-0.5053486964576053,-0.644013250139642,-0.5914125177856333,-0.5111903316802514,-0.5145005077594019,-2.6500141690457024,-0.0870886664127104,-1,2013,QB,2013-237,B.J. Daniels,SFO,7,237,2015,24,72
-0.14982047586544328,-0.33128758367842703,-0.5497092720744622,-0.6013999729048546,-0.6889839274103919,-0.5662110853364382,-0.5836877662031983,-0.5587943233287752,-0.5053486964576053,-0.6217222123120592,-0.6190226048325888,-0.522116026067819,-0.5145005077594019,0.031451963870854985,-0.36280767837465583,1,2013,QB,2013-249,Sean Renfree,ATL,7,249,2015,23,18
-0.14982047586544328,-0.33128758367842703,0.8442365303229471,0.6562612966117751,0.6550410222719789,0.7058276620388814,0.7940979843206001,0.6884561033435291,0.569474542702517,1.0278145869290727,0.938186304615702,1.4117318805316534,0.3708151968326652,1.1457501124384049,0.8319747067937743,-1,2014,QB,2014-3,Blake Bortles,JAX,1,3,2019,22,13
-0.14982047586544328,-0.33128758367842703,-0.5497092720744622,-0.4870671302215246,-0.47676946167107026,-0.44871680719529256,-0.45204550378162484,-0.4411265202908619,-0.4323024569030338,-0.48797598534656195,-0.3705318214099892,-0.23477026367479012,-0.4038360446853935,-1.982627042630912,-1.4656837262224374,1,2014,QB,2014-22,Johnny Manziel,CLE,1,22,2015,21,79
-0.14982047586544328,0.20923426337584866,0.5654473698434652,0.7991773499659375,0.672725561083589,0.5508004894915365,0.49672283375075094,0.5096208425966045,0.2772895844842313,0.4036655277567526,0.5958212252334537,0.4043828579979168,0.7028085860546903,-0.5644293989994911,-0.8223393649778982,-1,2014,QB,2014-32,Teddy Bridgewater,MIN,1,32,2023,21,41
-0.14982047586544328,1.8307998045386757,1.9593931722408744,1.9710889874700699,2.0874886660124004,2.349115691040738,2.3003791702758147,2.205338340703071,2.0199641567147206,1.7411277974117243,1.0872807746692617,0.4491782049869441,0.1494862706846484,-0.41545905828190455,-0.8223393649778982,-1,2014,QB,2014-36,Derek Carr,OAK,2,36,2023,23,24
-0.14982047586544328,-0.33128758367842703,0.007869048884501528,-0.1726518128423672,0.9379936432577411,-0.5662110853364382,-0.5815898815430935,-0.5508036612234362,-0.49491351937838074,-0.644013250139642,-0.6024565526044154,-0.5100977622414946,-0.5145005077594019,1.819096052481893,2.3024761039241497,-1,2014,QB,2014-120,Logan Thomas,ARI,4,120,2023,23,93
-0.14982047586544328,-0.33128758367842703,-0.2709201115949803,-0.5156503408923571,-0.4944540004826804,-0.42097510263418875,-0.4221506473751321,-0.41814452751001946,-0.4531728110614828,-0.48797598534656195,-0.5361923436917223,-0.5090051928027379,-0.5145005077594019,0.47836298602361454,0.4643493575111804,1,2014,QB,2014-135,Tom Savage,HOU,4,135,2017,24,64
-0.14982047586544328,-0.33128758367842703,-0.5497092720744622,-0.6013999729048546,-0.7243530050336122,-0.568658882797712,-0.5873590643583816,-0.5595721753921268,-0.5053486964576053,-0.644013250139642,-0.6245446222419799,-0.517745748312792,-0.5145005077594019,-1.5357160204781524,-1.4656837262224374,1,2014,QB,2014-163,Aaron Murray,KAN,5,163,0,23,26
-0.14982047586544328,-0.33128758367842703,-0.5497092720744622,-0.4870671302215246,-0.3883467676130195,-0.47645851175639636,-0.4934787258186938,-0.47528129725439083,-0.4427376339822583,-0.5771401366568933,-0.5030602392353757,-0.44345102647733203,-0.4038360446853935,0.10295772741529922,-0.2709013410540073,1,2014,QB,2014-164,A.J. McCarron,CIN,5,164,2023,23,1
-0.14982047586544328,-0.33128758367842703,-0.2709201115949803,-0.5728167622340221,-0.47676946167107026,-0.3989449254827239,-0.4064165124243464,-0.39360683060247387,-0.38012657150691137,-0.3319387205534819,-0.5472363785105044,-0.5046349150477109,-0.4038360446853935,1.0742443488939606,0.09672400822858652,1,2014,QB,2014-178,Zach Mettenberger,TEN,6,178,2015,23,38
-0.14982047586544328,-0.33128758367842703,-0.5497092720744622,-0.5728167622340221,-0.6359303109755615,-0.5433649756978821,-0.5621844484371246,-0.5392773079210443,-0.49491351937838074,-0.6217222123120592,-0.5969345351950244,-0.5090051928027379,-0.4038360446853935,-0.8623700804346641,-1.0061520396191952,2,2014,QB,2014-183,David Fales,CHI,6,183,2019,23,70
-0.14982047586544328,-0.33128758367842703,-0.5497092720744622,-0.6013999729048546,-0.7243530050336122,-0.568658882797712,-0.5873590643583816,-0.5595721753921268,-0.5053486964576053,-0.644013250139642,-0.6245446222419799,-0.517745748312792,-0.5145005077594019,-0.266488717564318,-0.4547140156953043,1,2014,QB,2014-194,Keith Wenning,BAL,6,194,0,23,8
-0.14982047586544328,-0.33128758367842703,-0.5497092720744622,-0.6013999729048546,-0.7243530050336122,-0.568658882797712,-0.5873590643583816,-0.5595721753921268,-0.5053486964576053,-0.644013250139642,-0.6245446222419799,-0.517745748312792,-0.5145005077594019,-1.4582514433050102,-0.0870886664127104,1,2014,QB,2014-213,Tajh Boyd,NYJ,6,213,0,23,15
-0.14982047586544328,-0.33128758367842703,-0.5497092720744622,-0.5442335515631896,-0.5828766945407311,-0.5335737858527866,-0.5480237269814174,-0.5258416813722442,-0.49491351937838074,-0.6217222123120592,-0.5914125177856333,-0.4904315123438729,-0.5145005077594019,0.47836298602361454,-0.1789950037333589,2,2014,QB,2014-214,Garrett Gilbert,STL,6,214,2021,23,67
-0.14982047586544328,0.20923426337584866,0.8442365303229471,1.1135926673450949,0.920309104446131,0.8698300919442304,0.9241668332470949,1.0034861890009232,0.9660112717130475,1.5627994947910615,1.0210165657565686,0.8086335503379195,0.7028085860546903,0.40089840885047223,0.7400683694731258,-1,2015,QB,2015-1,Jameis Winston,TAM,1,1,2023,21,23
-0.14982047586544328,-0.33128758367842703,0.8442365303229471,0.9420934033200999,0.8672554880113006,0.5140835275724285,0.5234708631670866,0.559120519355342,0.46512277191027207,0.5819938303774155,1.3468155929106436,1.737317573281169,1.3667953644987407,0.40089840885047223,-0.0870886664127104,-1,2015,QB,2015-2,Marcus Mariota,TEN,1,2,2023,21,61
-0.14982047586544328,-0.33128758367842703,-0.5497092720744622,-0.6013999729048546,-0.7243530050336122,-0.568658882797712,-0.5873590643583816,-0.5595721753921268,-0.5053486964576053,-0.644013250139642,-0.6245446222419799,-0.517745748312792,-0.5145005077594019,-0.34395329473746034,-0.9142457022985466,1,2015,QB,2015-75,Garrett Grayson,NOR,3,75,0,24,16
-0.14982047586544328,-0.33128758367842703,-0.5497092720744622,-0.5442335515631896,-0.47676946167107026,-0.5139914061625956,-0.5296672362055008,-0.519053154273903,-0.49491351937838074,-0.5771401366568933,-0.4864941870072023,-0.5210234566290622,-0.5145005077594019,1.52115537104672,0.5562556948318289,-1,2015,QB,2015-89,Sean Mannion,STL,3,89,2021,23,62
-0.14982047586544328,-0.33128758367842703,-0.5497092720744622,-0.4870671302215246,-0.5475076169175108,-0.46258765947584446,-0.4588636289269653,-0.4638963715998812,-0.4636079881407073,-0.42110287186381334,-0.5582804133292867,-0.4368956098447915,-0.5145005077594019,-0.11751837684673153,0.6481620321524774,1,2015,QB,2015-103,Bryce Petty,NYJ,4,103,2017,24,9
-0.14982047586544328,-0.33128758367842703,-0.2709201115949803,-0.4584839195506921,-0.40603130642462965,-0.4062883178665455,-0.41061228174455594,-0.4250744822562427,-0.41143210274458486,-0.35422975838106474,-0.3705318214099892,-0.18014179173695194,-0.2931715816113851,0.10295772741529922,0.2805366828698835,1,2015,QB,2015-147,Brett Hundley,GNB,5,147,2019,22,87
-0.14982047586544328,-0.33128758367842703,0.007869048884501528,-0.1440686021715347,-0.016971452569206527,0.008205385575829291,0.046202102993254654,-0.011469326025019915,-0.04620090497172779,0.06929996034300964,-0.16069515985312732,-0.24351081918484424,-0.2931715816113851,-0.11751837684673153,-1.189964714260492,2,2015,QB,2015-250,Trevor Siemian,DEN,7,250,2023,23,56
-0.14982047586544328,1.2902779574844,1.123025690802429,1.7710065127742423,1.3447380359247743,1.5992737354038429,1.5666440104041763,1.5921787733101946,1.4251590631989248,1.1838518517221528,0.7062615734212757,0.023076123871806173,0.8134730491286987,0.5498687495680588,-0.7304330276572497,-1,2016,QB,2016-1,Jared Goff,LAR,1,1,2023,21,12
-0.14982047586544328,-0.33128758367842703,-0.5497092720744622,-0.5442335515631896,-0.6359303109755615,-0.5042002163175002,-0.5202267552350294,-0.5035668268308123,-0.4636079881407073,-0.5548490988293105,-0.5361923436917223,-0.45765442918117,-0.5145005077594019,2.1170367339170664,1.9348507546415559,-1,2016,QB,2016-26,Paxton Lynch,DEN,1,26,2017,22,43
-0.14982047586544328,-0.33128758367842703,-0.5497092720744622,-0.6013999729048546,-0.7243530050336122,-0.568658882797712,-0.5873590643583816,-0.5595721753921268,-0.5053486964576053,-0.644013250139642,-0.6245446222419799,-0.517745748312792,-0.5145005077594019,0.7763036674587875,0.004817670907938061,1,2016,QB,2016-51,Christian Hackenberg,NYJ,2,51,0,21,63
-0.14982047586544328,-0.33128758367842703,0.2866582093639834,0.37042918990345014,0.672725561083589,0.23177088703884247,0.2517947996835207,0.18815579896057455,0.02684533458284362,-0.13131938010523614,0.6455193819179735,0.48195528814964705,1.1454664383507238,0.40089840885047223,0.7400683694731258,-1,2016,QB,2016-91,Jacoby Brissett,NWE,3,91,2023,23,54
-0.14982047586544328,-0.33128758367842703,-0.2709201115949803,-0.4584839195506921,-0.42371584523623984,-0.3858900056892633,-0.40431862776424166,-0.4029410553626929,-0.42186727982380934,-0.5325580610017276,-0.45336208255085575,-0.364786026886845,-0.5145005077594019,-1.088804998325393,-0.2709013410540073,1,2016,QB,2016-93,Cody Kessler,CLE,3,93,2018,23,88
-0.14982047586544328,-0.33128758367842703,-0.5497092720744622,-0.6013999729048546,-0.7066684662220021,-0.557235827978434,-0.5763451698928316,-0.5489651018009687,-0.49491351937838074,-0.6217222123120592,-0.6245446222419799,-0.517745748312792,-0.5145005077594019,0.5498687495680588,-0.5466203530159528,2,2016,QB,2016-100,Connor Cook,OAK,4,100,2016,23,47
-0.14982047586544328,1.8307998045386757,1.123025690802429,1.9996721981409025,1.291684419489944,1.548685921204183,1.4439177577880482,1.5235863640873726,1.602557073545741,1.0055235491014898,1.6229164633801985,1.5406550743049514,2.584104458312833,-0.49292363545504686,0.2805366828698835,-1,2016,QB,2016-135,Dak Prescott,DAL,4,135,2023,23,49
-0.14982047586544328,-0.33128758367842703,-0.5497092720744622,-0.6013999729048546,-0.7066684662220021,-0.5637632878751643,-0.5815898815430935,-0.5527836482937856,-0.5053486964576053,-0.6217222123120592,-0.6190226048325888,-0.5188383177515488,-0.5145005077594019,1.1457501124384049,2.762007790527392,-1,2016,QB,2016-139,Cardale Jones,BUF,4,139,2016,23,58
-0.14982047586544328,-0.33128758367842703,-0.5497092720744622,-0.5442335515631896,-0.565192155729121,-0.5197029335722347,-0.5343874766907365,-0.5156588907247325,-0.4636079881407073,-0.48797598534656195,-0.5251483088729401,-0.3254535270916015,-0.4038360446853935,0.10295772741529922,-0.4547140156953043,2,2016,QB,2016-162,Kevin Hogan,KAN,5,162,2021,23,74
-0.14982047586544328,-0.33128758367842703,-0.5497092720744622,-0.5728167622340221,-0.6182457721639514,-0.5482605706204298,-0.5679536312524126,-0.5462779764912087,-0.49491351937838074,-0.6217222123120592,-0.5693244481480688,-0.4871538040276026,-0.5145005077594019,1.819096052481893,1.0157873814350713,1,2016,QB,2016-187,Nate Sudfeld,WAS,6,187,2022,22,32
-0.14982047586544328,-0.33128758367842703,-0.5497092720744622,-0.6013999729048546,-0.6712993885987818,-0.5662110853364382,-0.5847367085332507,-0.5578750436175415,-0.5053486964576053,-0.6217222123120592,-0.6245446222419799,-0.517745748312792,-0.5145005077594019,-0.04601261330228729,-1.4656837262224374,1,2016,QB,2016-191,Jake Rudock,DET,6,191,2017,23,46
-0.14982047586544328,-0.33128758367842703,-0.5497092720744622,-0.4870671302215246,-0.4590849228594601,-0.44708494222110995,-0.4494231479564939,-0.44565220502308933,-0.4009969256653604,-0.5102670231741449,-0.4423180477320735,-0.4478213042323591,-0.5145005077594019,-1.0113404211522505,-0.5466203530159528,1,2016,QB,2016-201,Brandon Allen,JAX,6,201,2022,24,5
-0.14982047586544328,-0.33128758367842703,-0.5497092720744622,-0.4013174982090271,-0.2999240735549688,-0.38181034325380686,-0.3822908388331417,-0.39028328087724434,-0.33838586319001346,-0.42110287186381334,-0.18278322949069173,-0.06214429235122142,-0.18250711853737675,0.5498687495680588,1.0157873814350713,2,2016,QB,2016-207,Jeff Driskel,SFO,6,207,2023,23,40
-0.14982047586544328,-0.33128758367842703,-0.5497092720744622,-0.6013999729048546,-0.7243530050336122,-0.568658882797712,-0.5873590643583816,-0.5595721753921268,-0.5053486964576053,-0.644013250139642,-0.6245446222419799,-0.517745748312792,-0.5145005077594019,-0.1949829540198738,-0.9142457022985466,1,2016,QB,2016-223,Brandon Doughty,MIA,7,223,0,24,97
-0.14982047586544328,0.20923426337584866,0.5654473698434652,0.48476203258678013,0.4958801729674876,0.4104601017118348,0.3944509565706441,0.3268963215329218,0.24598405324655787,0.4259565655843354,0.6896955211931024,0.7638382033488922,0.9241375122027071,-0.5644293989994911,-0.0870886664127104,0,2017,QB,2017-2,Mitchell Trubisky,CHI,1,2,2023,23,53
5.158104954795976,2.911843498647227,0.8442365303229471,2.1425882514950647,0.9733627208809614,1.3781560314021035,1.2954924180856366,1.4503975563083822,1.7799550838925575,0.7603221329980784,1.4406898888702921,1.5974686851203033,0.8134730491286987,-0.5644293989994911,0.188630345549235,-1,2017,QB,2017-10,Patrick Mahomes,KAN,1,10,2023,21,81
-0.14982047586544328,1.2902779574844,0.2866582093639834,1.05642624600343,0.4428265565326572,0.5654872742591797,0.5082611993813271,0.6253086585641682,0.7260021988908842,0.3590834521015869,1.4130798018233368,1.6608377125681955,1.5881242906467574,-0.5644293989994911,-0.1789950037333589,-1,2017,QB,2017-12,Deshaun Watson,HOU,1,12,2023,21,15
-0.14982047586544328,-0.33128758367842703,-0.2709201115949803,-0.42990070887985965,-0.40603130642462965,-0.3442774488476076,-0.3156830008748157,-0.34170288382974046,-0.3905617485861359,-0.10902834227765326,-0.1717391946719095,-0.017348945362194095,0.03882180761064002,0.627333326741201,0.9238810441144227,2,2017,QB,2017-52,DeShone Kizer,CLE,2,52,2018,21,57
-0.14982047586544328,-0.33128758367842703,-0.5497092720744622,-0.5728167622340221,-0.6889839274103919,-0.5498924355946124,-0.566380217757334,-0.5476922529700298,-0.49491351937838074,-0.644013250139642,-0.5803684829668511,-0.476228109640035,-0.4038360446853935,0.9252740081763741,0.5562556948318289,1,2017,QB,2017-87,Davis Webb,NYG,3,87,2022,22,12
-0.14982047586544328,-0.33128758367842703,-0.5497092720744622,-0.3441510768673621,-0.15844776306208766,-0.2912418371866738,-0.29208179844863724,-0.2847782555571923,-0.30708033195233997,-0.3319387205534819,-0.2711355080409494,-0.2271222776034928,-0.07184265546336836,-0.5644293989994911,-0.36280767837465583,1,2017,QB,2017-104,C.J. Beathard,SFO,3,104,2023,23,33
-0.14982047586544328,-0.33128758367842703,-0.5497092720744622,-0.37273428753819465,-0.3529776899897992,-0.31408794682522984,-0.32407453951523474,-0.3530878094842501,-0.34882104026923794,-0.35422975838106474,-0.1220410379873896,0.024168693310562938,0.1494862706846484,0.10295772741529922,-0.6385266903366013,2,2017,QB,2017-135,Joshua Dobbs,PIT,4,135,2023,22,77
-0.14982047586544328,-0.33128758367842703,-0.5497092720744622,-0.5156503408923571,-0.4590849228594601,-0.49930462139495246,-0.5034436779541913,-0.5092239327460966,-0.4636079881407073,-0.35422975838106474,-0.49201620441659344,-0.4226922071409535,-0.4038360446853935,-0.266488717564318,0.2805366828698835,2,2017,QB,2017-171,Nathan Peterman,BUF,5,171,2023,23,64
-0.14982047586544328,-0.33128758367842703,-0.5497092720744622,-0.6013999729048546,-0.7243530050336122,-0.568658882797712,-0.5873590643583816,-0.5595721753921268,-0.5053486964576053,-0.644013250139642,-0.6245446222419799,-0.517745748312792,-0.5145005077594019,0.40089840885047223,-0.8223393649778982,1,2017,QB,2017-215,Brad Kaaya,DET,6,215,0,22,44
-0.14982047586544328,-0.33128758367842703,-0.5497092720744622,-0.6013999729048546,-0.7066684662220021,-0.568658882797712,-0.5873590643583816,-0.5595721753921268,-0.5053486964576053,-0.644013250139642,-0.6190226048325888,-0.5188383177515488,-0.5145005077594019,-0.7908643168902199,0.09672400822858652,1,2017,QB,2017-253,Chad Kelly,DEN,7,253,2018,23,48
-0.14982047586544328,0.20923426337584866,0.5654473698434652,1.0278430353325976,0.8495709491996905,0.8592229696120437,0.8942719768406022,0.8781812929773761,0.8512243238415781,1.0055235491014898,0.7614817475151867,0.3814388997840248,0.26015073375865677,-1.4582514433050102,-0.7304330276572497,-1,2018,QB,2018-1,Baker Mayfield,CLE,1,1,2023,23,59
-0.14982047586544328,-0.33128758367842703,0.5654473698434652,0.11318029386595772,0.4428265565326572,0.31418006823506267,0.3624582155040466,0.29351939663274446,0.15206745953353748,0.6042848682049984,0.5295570163207605,0.3126070251423486,0.9241375122027071,0.1804223045884415,-0.1789950037333589,-1,2018,QB,2018-3,Sam Darnold,NYJ,1,3,2023,21,88
-0.14982047586544328,1.2902779574844,0.8442365303229471,1.7710065127742423,0.9379936432577411,1.0542308340268618,1.0621027496489825,1.0458437695416143,1.237325875772884,1.0946877004118214,3.003420815727974,3.427522495037883,5.3507160351630425,1.0742443488939606,1.2915063933970166,-1,2018,QB,2018-7,Josh Allen,BUF,1,7,2023,22,99
-0.14982047586544328,-0.33128758367842703,-0.2709201115949803,-0.5156503408923571,-0.2999240735549688,-0.342645583873425,-0.31830535669994664,-0.3570477836249491,-0.38012657150691137,-0.17590145576040186,-0.48097216959781125,-0.35276776306052066,-0.5145005077594019,0.5498687495680588,0.2805366828698835,1,2018,QB,2018-10,Josh Rosen,ARI,1,10,2021,21,87
5.158104954795976,1.2902779574844,0.5654473698434652,1.7995897234450748,0.79651733276486,0.5426411646206236,0.5203240361769295,0.5638583455593926,0.7990484384454556,0.3590834521015869,4.207220610975234,5.226984360670273,2.6947689213868413,-0.49292363545504686,-0.6385266903366013,-1,2018,QB,2018-32,Lamar Jackson,BAL,1,32,2023,21,41
-0.14982047586544328,-0.33128758367842703,-0.2709201115949803,-0.4013174982090271,-0.3529776899897992,-0.33122252905414695,-0.3471512707763871,-0.34142002853397624,-0.30708033195233997,-0.3988118340362305,-0.3870978736381625,-0.4117665127533859,-0.5145005077594019,0.9252740081763741,1.1076937187557196,1,2018,QB,2018-76,Mason Rudolph,PIT,3,76,2023,23,60
-0.14982047586544328,-0.33128758367842703,-0.5497092720744622,-0.4584839195506921,-0.47676946167107026,-0.4087361153278194,-0.42319958970518445,-0.4026582000669287,-0.41143210274458486,-0.35422975838106474,-0.519626291463549,-0.5188383177515488,-0.4038360446853935,0.9252740081763741,0.09672400822858652,1,2018,QB,2018-171,Mike White,DAL,5,171,2023,23,97
-0.14982047586544328,-0.33128758367842703,-0.5497092720744622,-0.5728167622340221,-0.6712993885987818,-0.5303100559044215,-0.5490726693114698,-0.5301552246326484,-0.5053486964576053,-0.5771401366568933,-0.6245446222419799,-0.517745748312792,-0.5145005077594019,0.329392645306028,-0.7304330276572497,1,2018,QB,2018-199,Luke Falk,TEN,6,199,2019,23,95
-0.14982047586544328,-0.33128758367842703,-0.5497092720744622,-0.6013999729048546,-0.7243530050336122,-0.568658882797712,-0.5873590643583816,-0.5595721753921268,-0.5053486964576053,-0.644013250139642,-0.6245446222419799,-0.517745748312792,-0.5145005077594019,0.6988390902856453,-0.4547140156953043,1,2018,QB,2018-203,Tanner Lee,JAX,6,203,0,23,51
-0.14982047586544328,-0.33128758367842703,-0.5497092720744622,-0.6013999729048546,-0.7243530050336122,-0.568658882797712,-0.5873590643583816,-0.5595721753921268,-0.5053486964576053,-0.644013250139642,-0.6245446222419799,-0.517745748312792,-0.5145005077594019,-0.34395329473746034,-0.0870886664127104,1,2018,QB,2018-219,Danny Etling,NWE,7,219,0,24,38
-0.14982047586544328,-0.33128758367842703,-0.5497092720744622,-0.6013999729048546,-0.7243530050336122,-0.568658882797712,-0.5873590643583816,-0.5595721753921268,-0.5053486964576053,-0.644013250139642,-0.6245446222419799,-0.517745748312792,-0.5145005077594019,0.1804223045884415,-0.8223393649778982,1,2018,QB,2018-220,Alex McGough,SEA,7,220,0,22,22
-0.14982047586544328,-0.33128758367842703,-0.5497092720744622,-0.6013999729048546,-0.4944540004826804,-0.5653951528493468,-0.5836877662031983,-0.557167905378131,-0.5053486964576053,-0.6217222123120592,-0.5472363785105044,-0.5068200539252243,-0.5145005077594019,-1.088804998325393,-0.9142457022985466,1,2018,QB,2018-249,Logan Woodside,CIN,7,249,2023,23,83
-0.14982047586544328,0.7497561104301244,0.5654473698434652,1.0278430353325976,0.42514201772104704,0.6487123879424912,0.5869318741352555,0.5468870278135397,0.4755579489894966,0.3813744899291697,1.7223127767492383,2.1568642377637666,2.3627755321648163,-2.9479548504808752,-1.4656837262224374,-1,2019,QB,2019-1,Kyler Murray,ARI,1,1,2023,22,59
-0.14982047586544328,-0.33128758367842703,0.5654473698434652,0.48476203258678013,0.33671932366299634,0.42759468394075184,0.4091361491913774,0.3251991897583365,0.14163228245431297,0.24762826296367255,1.208765157675866,1.5734321574676544,0.9241375122027071,1.223214689611547,-0.1789950037333589,-1,2019,QB,2019-6,Daniel Jones,NYG,1,6,2023,22,18
-0.14982047586544328,-0.33128758367842703,-0.5497092720744622,-0.4870671302215246,-0.44140038404785,-0.3508049087443379,-0.3544938670867537,-0.3612906130614123,-0.38012657150691137,-0.3319387205534819,-0.4036639258663358,-0.3571380408155477,-0.4038360446853935,0.1804223045884415,0.7400683694731258,2,2019,QB,2019-15,Dwayne Haskins,WAS,1,15,2020,22,58
-0.14982047586544328,-0.33128758367842703,-0.2709201115949803,-0.2298182341840322,-0.22918591830852825,-0.18598654635189749,-0.17512472864779707,-0.18599104351154033,-0.21316373823931958,-0.13131938010523614,-0.19934928171886504,-0.19106748612451957,0.03882180761064002,0.40089840885047223,0.4643493575111804,2,2019,QB,2019-42,Drew Lock,DEN,2,42,2023,22,50
-0.14982047586544328,-0.33128758367842703,-0.5497092720744622,-0.5728167622340221,-0.6889839274103919,-0.5458127731591559,-0.5600865637770198,-0.5434494235335665,-0.5053486964576053,-0.5548490988293105,-0.5858905003762421,-0.4937092206601432,-0.5145005077594019,-0.34395329473746034,-0.5466203530159528,1,2019,QB,2019-100,Will Grier,CAR,3,100,2019,24,96
-0.14982047586544328,-0.33128758367842703,-0.5497092720744622,-0.5442335515631896,-0.5828766945407311,-0.5213347985464173,-0.5249469957202652,-0.5144567557177345,-0.4740431652199318,-0.5548490988293105,-0.5085822566447668,-0.36150831857057475,-0.4038360446853935,0.5498687495680588,-0.9142457022985466,2,2019,QB,2019-104,Ryan Finley,CIN,4,104,2020,24,54
-0.14982047586544328,-0.33128758367842703,-0.5497092720744622,-0.42990070887985965,-0.44140038404785,-0.4731947818080312,-0.4840382448482224,-0.45901711774794846,-0.42186727982380934,-0.4656849475189791,-0.4478400651414646,-0.4117665127533859,-0.5145005077594019,-0.41545905828190455,-0.4547140156953043,1,2019,QB,2019-133,Jarrett Stidham,NWE,4,133,2023,23,6
-0.14982047586544328,-0.33128758367842703,-0.5497092720744622,-0.6013999729048546,-0.7243530050336122,-0.568658882797712,-0.5873590643583816,-0.5595721753921268,-0.5053486964576053,-0.644013250139642,-0.6245446222419799,-0.517745748312792,-0.5145005077594019,0.5498687495680588,-0.0870886664127104,1,2019,QB,2019-167,Clayton Thorson,PHI,5,167,0,24,56
-0.14982047586544328,0.20923426337584866,0.007869048884501528,0.2275131365492877,0.14218939673528475,0.15833696320062646,0.15896340347388527,0.14311109311012338,0.11032675121663953,-0.10902834227765326,0.181669919529121,0.16073987315515845,0.03882180761064002,-1.2377753390429793,0.188630345549235,-1,2019,QB,2019-178,Gardner Minshew II,JAX,6,178,2023,23,95
-0.14982047586544328,-0.33128758367842703,-0.5497092720744622,-0.5728167622340221,-0.565192155729121,-0.5294941234173302,-0.538583246010946,-0.5240738357737178,-0.49491351937838074,-0.5325580610017276,-0.5085822566447668,-0.43143276265100766,-0.5145005077594019,-1.7561921247401833,-1.9252154128256798,1,2019,QB,2019-197,Trace McSorley,BAL,6,197,2022,24,63
-0.14982047586544328,0.20923426337584866,0.2866582093639834,0.6562612966117751,0.1952430131701152,0.4822621605758682,0.40651379336624643,0.4362906071697318,0.5068634802271701,0.18075514948092394,0.3859845636765918,0.1432587621350502,0.5921441229806819,0.329392645306028,-0.1789950037333589,-1,2020,QB,2020-1,Joe Burrow,CIN,1,1,2023,23,38
-0.14982047586544328,0.20923426337584866,0.2866582093639834,0.48476203258678013,0.21292755198172533,0.3256031230543407,0.2717247039545159,0.3341798453988503,0.3399006469595782,0.18075514948092394,0.12644974543520998,-0.10147679214646492,0.1494862706846484,-1.8336567019133254,-0.5466203530159528,-1,2020,QB,2020-5,Tua Tagovailoa,MIA,1,5,2023,22,1
-0.14982047586544328,0.20923426337584866,0.2866582093639834,0.884926981978435,0.3720884012862166,0.7474402188805371,0.682910097335048,0.6583320143446403,0.6842614905739862,0.2922103386188383,0.612387277461627,0.47758501039462,0.7028085860546903,1.8906018160263374,1.1996000560763682,-1,2020,QB,2020-6,Justin Herbert,LAC,1,6,2023,22,61
-0.14982047586544328,-0.33128758367842703,-0.5497092720744622,-0.08690218082986972,-0.2468704571201384,-0.22433537324518807,-0.24015915311104452,-0.22262080431300613,-0.14011749868474818,-0.3319387205534819,-0.27665752545034045,-0.21947429153219544,-0.07184265546336836,0.40089840885047223,0.09672400822858652,1,2020,QB,2020-26,Jordan Love,GNB,1,26,2023,21,90
-0.14982047586544328,0.7497561104301244,0.007869048884501528,0.999259824661765,0.3720884012862166,0.24727360429357698,0.24025643405294456,0.2723052494504284,0.19380816785043542,0.11388203599817537,2.2689925002789573,2.2169555568953885,4.0227424782749415,-1.2377753390429793,-0.0870886664127104,-1,2020,QB,2020-53,Jalen Hurts,PHI,2,53,2023,22,59
-0.14982047586544328,-0.33128758367842703,-0.5497092720744622,-0.6013999729048546,-0.6889839274103919,-0.5645792203622556,-0.5821143527081197,-0.5536322141810782,-0.5053486964576053,-0.5994311744844762,-0.6245446222419799,-0.517745748312792,-0.5145005077594019,1.6701257117643067,0.7400683694731258,1,2020,QB,2020-122,Jacob Eason,IND,4,122,2022,22,94
-0.14982047586544328,-0.33128758367842703,-0.5497092720744622,-0.6013999729048546,-0.7243530050336122,-0.568658882797712,-0.5873590643583816,-0.5595721753921268,-0.5053486964576053,-0.644013250139642,-0.6245446222419799,-0.517745748312792,-0.5145005077594019,0.5498687495680588,0.5562556948318289,1,2020,QB,2020-125,James Morgan,NYJ,4,125,0,23,22
-0.14982047586544328,-0.33128758367842703,-0.5497092720744622,-0.5728167622340221,-0.6712993885987818,-0.5466287056462472,-0.5558907944568102,-0.5447222723645055,-0.49491351937838074,-0.5771401366568933,-0.5803684829668511,-0.44672873479360237,-0.5145005077594019,-0.7133997397170776,-0.36280767837465583,2,2020,QB,2020-167,Jake Fromm,BUF,5,167,2021,22,26
-0.14982047586544328,-0.33128758367842703,-0.5497092720744622,-0.5442335515631896,-0.6712993885987818,-0.5197029335722347,-0.5296672362055008,-0.5154467492529093,-0.48447834229915626,-0.5102670231741449,-0.6190226048325888,-0.5035423456089541,-0.4038360446853935,1.819096052481893,0.09672400822858652,-1,2020,QB,2020-189,Jake Luton,JAX,6,189,2020,24,62
-0.14982047586544328,-0.33128758367842703,-0.5497092720744622,-0.6013999729048546,-0.7243530050336122,-0.568658882797712,-0.5873590643583816,-0.5595721753921268,-0.5053486964576053,-0.644013250139642,-0.6245446222419799,-0.517745748312792,-0.5145005077594019,0.031451963870854985,-0.7304330276572497,1,2020,QB,2020-224,Cole McDonald,TEN,7,224,0,22,28
-0.14982047586544328,-0.33128758367842703,-0.5497092720744622,-0.5728167622340221,-0.6712993885987818,-0.5498924355946124,-0.5648068042622555,-0.544085847949036,-0.5053486964576053,-0.644013250139642,-0.5914125177856333,-0.4937092206601432,-0.5145005077594019,-0.6418939761726333,-0.7304330276572497,1,2020,QB,2020-231,Ben DiNucci,DAL,7,231,2020,23,35
-0.14982047586544328,-0.33128758367842703,-0.5497092720744622,-0.6013999729048546,-0.7066684662220021,-0.568658882797712,-0.5873590643583816,-0.5595721753921268,-0.5053486964576053,-0.644013250139642,-0.6024565526044154,-0.4915240817826297,-0.5145005077594019,1.1457501124384049,1.1076937187557196,1,2020,QB,2020-240,Tommy Stevens,NOR,7,240,2020,23,49
-0.14982047586544328,-0.33128758367842703,-0.5497092720744622,-0.6013999729048546,-0.7243530050336122,-0.568658882797712,-0.5873590643583816,-0.5595721753921268,-0.5053486964576053,-0.644013250139642,-0.6245446222419799,-0.517745748312792,-0.5145005077594019,0.40089840885047223,1.1076937187557196,1,2020,QB,2020-244,Nate Stanley,MIN,7,244,0,23,33
-0.14982047586544328,0.20923426337584866,0.007869048884501528,0.37042918990345014,0.1598739355468949,0.3419217727961665,0.33046547443744906,0.2727295323940747,0.09989157413741503,0.22533722513608967,0.5074689466831961,0.5354911906487285,0.7028085860546903,1.52115537104672,-0.9142457022985466,-1,2021,QB,2021-1,Trevor Lawrence,JAX,1,1,2023,21,15
-0.14982047586544328,-0.33128758367842703,0.007869048884501528,-0.2298182341840322,-0.12307868543886738,-0.10684109510404245,-0.06655919748737597,-0.11457008133107614,-0.26533962363544206,-0.0867373044500704,-0.1109970031686074,0.026353832188076465,0.03882180761064002,-0.5644293989994911,-0.8223393649778982,1,2021,QB,2021-2,Zach Wilson,NYJ,1,2,2023,22,7
-0.14982047586544328,-0.33128758367842703,-0.2709201115949803,0.37042918990345014,-0.016971452569206527,-0.097049905258947,-0.08491568826329259,-0.0876281144095347,-0.08794161328862574,0.02471788468784391,1.3412935755012525,1.907758405727224,1.0348019752767155,-0.1949829540198738,0.37244302019053194,-1,2021,QB,2021-11,Justin Fields,CHI,1,11,2023,22,58
-0.14982047586544328,0.20923426337584866,0.007869048884501528,0.08459708319512523,0.018397625054013756,0.13630678604916166,0.09864921949587355,0.0710537065141897,-0.02533055081327882,0.1584641116533411,0.02153141465677905,-0.1604755418393302,-0.4038360446853935,-0.04601261330228729,-0.2709013410540073,-1,2021,QB,2021-15,Mac Jones,NWE,1,15,2023,23,1
-0.14982047586544328,-0.33128758367842703,-0.5497092720744622,-0.6013999729048546,-0.6712993885987818,-0.5662110853364382,-0.5821143527081197,-0.5579457574414826,-0.5053486964576053,-0.644013250139642,-0.6190226048325888,-0.5188383177515488,-0.5145005077594019,1.2947204531559913,1.1996000560763682,1,2021,QB,2021-64,Kyle Trask,TAM,2,64,2023,23,20
-0.14982047586544328,-0.33128758367842703,-0.5497092720744622,-0.6013999729048546,-0.7066684662220021,-0.5670270178235295,-0.585785650863303,-0.5592186062724215,-0.5053486964576053,-0.644013250139642,-0.6245446222419799,-0.517745748312792,-0.5145005077594019,-0.266488717564318,-1.0980583769398435,1,2021,QB,2021-66,Kellen Mond,MIN,3,66,2021,22,79
-0.14982047586544328,-0.33128758367842703,0.007869048884501528,-0.1726518128423672,-0.12307868543886738,-0.10112956769440344,-0.10904136185449728,-0.13847135382315226,-0.14011749868474818,-0.0867373044500704,-0.33739971695364257,-0.341842068672953,-0.2931715816113851,0.5498687495680588,0.188630345549235,1,2021,QB,2021-67,Davis Mills,HOU,3,67,2023,22,74
-0.14982047586544328,-0.33128758367842703,-0.5497092720744622,-0.6013999729048546,-0.7066684662220021,-0.5588676929526165,-0.5768696410578578,-0.5500258091600845,-0.5053486964576053,-0.5994311744844762,-0.6079785700138066,-0.5111903316802514,-0.5145005077594019,-1.8336567019133254,-1.0980583769398435,1,2021,QB,2021-133,Ian Book,NOR,4,133,2021,23,57
-0.14982047586544328,-0.33128758367842703,-0.5497092720744622,-0.5442335515631896,-0.5828766945407311,-0.5164392036238695,-0.5343874766907365,-0.519053154273903,-0.4740431652199318,-0.5771401366568933,-0.5141042740541578,-0.4128590821921427,-0.5145005077594019,-1.1603107618698372,-0.2709013410540073,1,2021,QB,2021-218,Sam Ehlinger,IND,6,218,2023,22,78
-0.14982047586544328,-0.33128758367842703,-0.2709201115949803,-0.2298182341840322,-0.28223953474335867,-0.20475299355499713,-0.21341112369470888,-0.24319852707985273,-0.3696913944276869,-0.35422975838106474,-0.088908933531043,-0.1998080416345737,-0.07184265546336836,0.10295772741529922,-0.5466203530159528,1,2022,QB,2022-20,Kenny Pickett,PIT,1,20,2023,24,64
-0.14982047586544328,-0.33128758367842703,-0.5497092720744622,-0.25840144485486466,-0.3883467676130195,-0.30592862195431697,-0.32355006835020855,-0.3089623833450326,-0.3592562173484624,-0.37652079620864765,-0.24352542099399385,-0.23695540255230366,0.03882180761064002,0.1804223045884415,-1.0980583769398435,2,2022,QB,2022-74,Desmond Ridder,ATL,3,74,2023,23,14
-0.14982047586544328,-0.33128758367842703,-0.5497092720744622,-0.5728167622340221,-0.5298230781059007,-0.5401012457495169,-0.5527439674666531,-0.5348223370127579,-0.5053486964576053,-0.5771401366568933,-0.4478400651414646,-0.360415749131818,-0.4038360446853935,-1.5357160204781524,-0.36280767837465583,2,2022,QB,2022-86,Malik Willis,TEN,3,86,2023,23,39
-0.14982047586544328,-0.33128758367842703,-0.5497092720744622,-0.6013999729048546,-0.7243530050336122,-0.568658882797712,-0.5873590643583816,-0.5595721753921268,-0.5053486964576053,-0.644013250139642,-0.6245446222419799,-0.517745748312792,-0.5145005077594019,-0.8623700804346641,-1.0061520396191952,1,2022,QB,2022-94,Matt Corral,CAR,3,94,0,23,48
-0.14982047586544328,-0.33128758367842703,-0.5497092720744622,-0.5442335515631896,-0.47676946167107026,-0.41199984527618455,-0.4279198301904201,-0.4143966948411436,-0.3905617485861359,-0.37652079620864765,-0.4754501521884201,-0.4270624848959806,-0.4038360446853935,-1.5357160204781524,-0.7304330276572497,1,2022,QB,2022-137,Bailey Zappe,NWE,4,137,2023,23,97
-0.14982047586544328,-0.33128758367842703,-0.5497092720744622,-0.25840144485486466,-0.40603130642462965,-0.2431018204482877,-0.2564177592268564,-0.268584789874691,-0.27577480071466653,-0.153610417932819,-0.3318776995442515,-0.19216005556327634,0.1494862706846484,-1.4582514433050102,-0.4547140156953043,1,2022,QB,2022-144,Sam Howell,WAS,5,144,2023,21,53
-0.14982047586544328,-0.33128758367842703,-0.5497092720744622,-0.5442335515631896,-0.6005612333523412,-0.5197029335722347,-0.5322895920306318,-0.5218109934076041,-0.49491351937838074,-0.5771401366568933,-0.5472363785105044,-0.49480179009889996,-0.5145005077594019,-0.7133997397170776,-0.5466203530159528,1,2022,QB,2022-247,Skylar Thompson,MIA,7,247,2022,25,36
-0.14982047586544328,0.20923426337584866,-0.5497092720744622,0.08459708319512523,-0.28223953474335867,-0.22433537324518807,-0.2653337690323016,-0.1597562148294094,-0.04620090497172779,-0.30964768272589904,-0.2877015602691227,-0.34621234642798004,-0.18250711853737675,-1.4582514433050102,-1.0061520396191952,-1,2022,QB,2022-262,Brock Purdy,SFO,7,262,2023,22,34
