year,position,player_id,round,player,pick,team,age,final_year,first_team_all_pro_selections,pro_bowl_selections,number_of_years_as_a_starter,weighted_career_approximate_value,games_played,completions,passes_attempted,passing_yards,passing_touchdowns,interceptions,rushing_attempts,rushing_yards,rushing_touchdowns,college,height,weight
2000,QB,2000-18,1,Chad Pennington,18,NYJ,24,2010,0,0,5,55,89,1632,2471,17823,102,64,180,465,7,42,75.4,229.0
2000,QB,2000-75,3,Chris Redman,75,BAL,23,2011,0,0,0,9,30,286,500,3179,21,14,33,25,0,41,74.8,222.0
2000,QB,2000-163,5,Tee Martin,163,PIT,22,2003,0,0,0,0,3,6,16,69,0,1,6,36,0,77,73.6,227.0
2000,QB,2000-168,6,Marc Bulger,168,NOR,23,2009,0,2,8,57,96,1969,3171,22814,122,93,118,300,8,96,73.6,208.0
2000,QB,2000-183,6,Spergon Wynn,183,CLE,22,2001,0,0,0,2,10,70,152,585,1,7,11,76,0,80,75.4,229.0
2000,QB,2000-199,6,Tom Brady,199,NWE,23,2022,3,15,21,184,335,7753,12050,89214,649,212,693,1123,28,46,76.4,211.0
2000,QB,2000-202,6,Todd Husak,202,WAS,22,2000,0,0,0,0,1,2,2,-2,0,0,1,-1,0,74,75.1,216.0
2000,QB,2000-212,7,Tim Rattay,212,SFO,23,2007,0,0,1,12,40,432,714,4853,31,23,45,77,0,40,72.5,215.0
2000,QB,2000-214,7,Jarious Jackson,214,DEN,23,2003,0,0,0,0,5,11,22,114,0,1,7,15,0,57,73.0,226.0
2000,QB,2000-234,7,Joe Hamilton,234,TAM,23,2000,0,0,0,0,1,0,0,0,0,0,1,-2,0,27,70.3,192.0
2001,QB,2001-1,1,Michael Vick,1,ATL,21,2015,0,4,7,92,143,1807,3217,22464,133,88,873,6109,36,93,72.0,210.0
2001,QB,2001-32,2,Drew Brees,32,SDG,22,2020,1,13,19,167,287,7142,10551,80358,571,243,498,752,25,65,72.3,213.0
2001,QB,2001-53,2,Quincy Carter,53,DAL,23,2004,0,0,2,16,38,542,960,6337,32,37,152,518,3,26,74.1,225.0
2001,QB,2001-59,2,Marques Tuiasosopo,59,OAK,22,2008,0,0,0,1,13,49,90,554,2,7,17,79,0,94,73.1,223.0
2001,QB,2001-106,4,Chris Weinke,106,CAR,29,2007,0,0,1,9,29,386,709,3904,15,26,54,148,6,23,76.0,232.0
2001,QB,2001-109,4,Sage Rosenfels,109,WAS,23,2010,0,0,0,13,44,351,562,4156,30,29,48,95,1,34,76.4,228.0
2001,QB,2001-125,4,Jesse Palmer,125,NYG,22,2003,0,0,0,1,8,63,120,562,3,4,5,20,0,20,74.0,231.0
2001,QB,2001-149,5,Mike McMahon,149,DET,22,2005,0,0,0,6,29,229,515,2867,15,21,82,409,7,66,74.4,207.0
2001,QB,2001-155,5,A.J. Feeley,155,PHI,24,2011,0,0,1,7,28,425,762,4618,28,31,37,49,1,61,75.0,220.0
2001,QB,2001-172,6,Josh Booty,172,SEA,25,0,0,0,0,0,0,0,0,0,0,0,0,0,0,38,74.5,221.0
2001,QB,2001-177,6,Josh Heupel,177,MIA,23,0,0,0,0,0,0,0,0,0,0,0,0,0,0,59,73.8,215.0
2002,QB,2002-1,1,David Carr,1,HOU,23,2012,0,0,5,45,94,1353,2267,14452,65,71,305,1328,9,24,75.4,223.0
2002,QB,2002-3,1,Joey Harrington,3,DET,23,2007,0,0,6,31,81,1424,2538,14693,79,85,142,402,0,61,76.0,215.0
2002,QB,2002-32,1,Patrick Ramsey,32,WAS,23,2008,0,0,1,14,37,511,913,5930,35,30,47,89,2,85,74.5,219.0
2002,QB,2002-81,3,Josh McCown,81,ARI,23,2019,0,0,5,40,102,1584,2633,17731,98,82,248,1106,13,68,75.9,221.0
2002,QB,2002-108,4,David Garrard,108,JAX,24,2010,0,1,5,62,86,1406,2281,16003,89,54,380,1746,17,19,73.9,235.0
2002,QB,2002-117,4,Rohan Davey,117,NWE,24,2004,0,0,0,0,7,8,19,88,0,0,6,-5,0,38,74.0,245.0
2002,QB,2002-137,5,Randy Fasani,137,CAR,23,2002,0,0,0,1,4,15,44,171,0,4,18,95,0,74,75.4,234.0
2002,QB,2002-158,5,Kurt Kittner,158,ATL,22,2003,0,0,0,1,7,44,114,391,2,6,8,13,0,31,74.3,211.0
2002,QB,2002-163,5,Brandon Doman,163,SFO,25,0,0,0,0,0,0,0,0,0,0,0,0,0,0,7,73.8,210.0
2002,QB,2002-164,5,Craig Nall,164,GNB,23,2007,0,0,0,1,7,30,48,402,5,0,10,11,0,38,75.0,230.0
2002,QB,2002-205,6,Steve Bellisari,205,STL,22,0,0,0,0,0,0,0,0,0,0,0,0,0,0,58,75.0,225.0
2002,QB,2002-232,7,Jeff Kelly,232,SEA,23,0,0,0,0,0,0,0,0,0,0,0,0,0,0,73,73.0,212.0
2003,QB,2003-1,1,Carson Palmer,1,CIN,23,2017,0,3,12,107,182,3941,6307,46247,294,187,301,474,8,88,77.0,232.0
2003,QB,2003-7,1,Byron Leftwich,7,JAX,23,2012,0,0,3,33,60,930,1605,10532,58,42,137,415,10,42,77.4,241.0
2003,QB,2003-19,1,Kyle Boller,19,BAL,22,2011,0,0,4,16,67,861,1519,8931,48,54,176,572,2,12,75.0,234.0
2003,QB,2003-22,1,Rex Grossman,22,CHI,23,2011,0,0,3,23,54,863,1562,10232,56,60,81,106,4,20,73.0,217.0
2003,QB,2003-88,3,Dave Ragone,88,HOU,23,2003,0,0,0,1,2,20,40,135,0,1,6,51,0,41,75.6,249.0
2003,QB,2003-97,3,Chris Simms,97,TAM,23,2009,0,0,1,8,23,297,511,3117,12,18,33,48,1,78,76.4,220.0
2003,QB,2003-110,4,Seneca Wallace,110,SEA,23,2013,0,0,1,14,64,468,788,4947,31,19,68,293,1,34,71.4,196.0
2003,QB,2003-163,5,Brian St. Pierre,163,PIT,23,2010,0,0,0,0,3,15,33,185,2,3,5,-1,0,10,75.0,218.0
2003,QB,2003-192,6,Drew Henson,192,HOU,23,2008,0,0,0,0,9,11,20,98,1,1,1,7,0,46,76.0,230.0
2003,QB,2003-200,6,Brooks Bollinger,200,NYJ,23,2008,0,0,1,6,21,211,360,2226,9,9,41,155,0,98,72.0,205.0
2003,QB,2003-201,6,Kliff Kingsbury,201,NWE,24,2005,0,0,0,0,1,1,2,17,0,0,0,0,0,81,75.5,213.0
2003,QB,2003-232,7,Gibran Hamdan,232,WAS,22,2003,0,0,0,0,1,1,2,7,0,0,0,0,0,32,78.0,240.0
2003,QB,2003-241,7,Ken Dorsey,241,SFO,22,2008,0,0,0,2,16,214,408,2082,8,18,11,18,0,44,76.0,220.0
2004,QB,2004-1,1,Eli Manning,1,SDG,23,2019,0,4,14,121,236,4895,8119,57023,366,244,315,567,7,48,76.8,221.0
2004,QB,2004-4,1,Philip Rivers,4,NYG,22,2020,0,8,15,149,244,5277,8134,63440,421,209,383,601,3,54,77.0,229.0
2004,QB,2004-11,1,Ben Roethlisberger,11,PIT,22,2021,0,6,17,131,249,5440,8443,64088,418,211,515,1373,20,45,76.9,241.0
2004,QB,2004-22,1,J.P. Losman,22,BUF,23,2011,0,0,1,19,45,564,952,6271,33,34,105,490,3,85,74.3,224.0
2004,QB,2004-90,3,Matt Schaub,90,ATL,23,2020,0,2,7,68,155,2148,3348,25467,136,91,196,353,4,92,77.6,243.0
2004,QB,2004-106,4,Luke McCown,106,CLE,23,2015,0,0,0,8,62,216,356,2370,9,15,34,177,0,40,75.9,208.0
2004,QB,2004-148,5,Craig Krenzel,148,CHI,23,2004,0,0,0,1,6,59,127,718,3,6,18,41,0,58,75.5,228.0
2004,QB,2004-187,6,Josh Harris,187,BAL,21,0,0,0,0,0,0,0,0,0,0,0,0,0,0,11,73.5,238.0
2004,QB,2004-193,6,Jim Sorgi,193,IND,23,2009,0,0,0,5,16,99,156,929,6,1,31,0,0,98,77.0,196.0
2004,QB,2004-201,6,Jeff Smoker,201,STL,22,0,0,0,0,0,0,0,0,0,0,0,0,0,0,47,75.1,223.0
2004,QB,2004-202,7,John Navarre,202,ARI,23,2005,0,0,0,0,2,32,64,342,2,5,0,0,0,46,78.0,246.0
2004,QB,2004-217,7,Cody Pickett,217,SFO,24,2005,0,0,0,1,6,18,45,195,0,4,14,47,0,94,75.5,233.0
2004,QB,2004-225,7,Matt Mauck,225,DEN,25,2005,0,0,0,1,2,15,27,136,0,1,7,39,0,38,73.0,213.0
2004,QB,2004-248,7,B.J. Symons,248,HOU,23,0,0,0,0,0,0,0,0,0,0,0,0,0,0,81,73.0,211.0
2004,QB,2004-250,7,Bradlee Van Pelt,250,DEN,24,2005,0,0,0,0,3,2,8,7,0,0,11,48,1,16,74.3,231.0
2005,QB,2005-1,1,Alex Smith,1,SFO,21,2020,0,3,14,98,174,3250,5193,35650,199,109,580,2604,15,89,76.13,217.0
2005,QB,2005-24,1,Aaron Rodgers,24,GNB,21,2023,4,10,14,163,231,5001,7661,59055,475,105,719,3466,35,12,74.0,223.0
2005,QB,2005-25,1,Jason Campbell,25,WAS,23,2014,0,0,5,48,90,1519,2518,16771,87,60,240,1204,6,6,76.75,230.0
2005,QB,2005-67,3,Charlie Frye,67,CLE,24,2009,0,0,1,8,26,419,677,4154,17,29,72,347,4,0,75.88,225.0
2005,QB,2005-69,3,Andrew Walter,69,OAK,23,2008,0,0,1,1,15,174,333,1919,3,16,19,49,0,4,78.13,233.0
2005,QB,2005-85,3,David Greene,85,SEA,22,0,0,0,0,0,0,0,0,0,0,0,0,0,0,26,75.5,226.0
2005,QB,2005-106,4,Kyle Orton,106,CHI,22,2014,0,0,5,40,87,1613,2712,18037,101,69,126,296,4,65,76.0,233.0
2005,QB,2005-121,4,Stefan Lefors,121,CAR,23,0,0,0,0,0,0,0,0,0,0,0,0,0,0,41,72.0,203.0
2005,QB,2005-145,5,Dan Orlovsky,145,DET,22,2015,0,0,1,7,26,298,512,3132,15,13,13,34,0,17,77.0,225.0
2005,QB,2005-213,6,Derek Anderson,213,BAL,22,2018,0,1,3,23,78,909,1674,10878,60,64,102,226,5,62,78.13,242.0
2005,QB,2005-229,7,James Kilian,229,KAN,24,0,0,0,0,0,0,0,0,0,0,0,0,0,0,86,75.25,218.0
2005,QB,2005-230,7,Matt Cassel,230,NWE,23,2018,0,1,6,47,107,1578,2683,17508,104,82,268,1025,5,88,76.0,225.0
2006,QB,2006-3,1,Vince Young,3,TEN,23,2011,0,2,4,33,60,755,1304,8964,46,51,282,1459,12,78,76.6,229.0
2006,QB,2006-10,1,Matt Leinart,10,ARI,23,2012,0,0,1,12,33,366,641,4065,15,21,47,89,2,88,76.88,223.0
2006,QB,2006-11,1,Jay Cutler,11,DEN,23,2017,0,1,10,86,153,3048,4920,35133,227,160,386,1682,9,91,75.25,226.0
2006,QB,2006-49,2,Kellen Clemens,49,NYJ,23,2017,0,0,2,10,64,350,638,4053,16,21,85,227,3,61,73.63,224.0
2006,QB,2006-64,2,Tarvaris Jackson,64,MIN,23,2015,0,0,2,22,59,640,1073,7263,39,35,171,636,6,2,74.0,226.0
2006,QB,2006-81,3,Charlie Whitehurst,81,SDG,24,2016,0,0,0,7,25,219,396,2463,11,8,56,156,2,15,76.75,223.0
2006,QB,2006-85,3,Brodie Croyle,85,KAN,23,2010,0,0,0,2,18,181,319,1669,8,9,10,15,0,1,74.5,205.0
2006,QB,2006-103,4,Brad Smith,103,NYJ,22,2014,0,0,1,17,127,4,10,51,1,2,134,972,4,50,74.0,213.0
2006,QB,2006-148,5,Ingle Martin,148,GNB,24,2006,0,0,0,0,1,0,0,0,0,0,2,-5,0,25,74.25,220.0
2006,QB,2006-164,5,Omar Jacobs,164,PIT,22,0,0,0,0,0,0,0,0,0,0,0,0,0,0,11,75.88,232.0
2006,QB,2006-193,6,Reggie McNeal,193,CIN,22,2006,0,0,0,0,7,0,0,0,0,0,1,8,0,79,74.0,198.0
2006,QB,2006-194,6,Bruce Gradkowski,194,TAM,23,2014,0,0,1,8,37,375,709,4057,21,24,88,329,0,83,73.38,217.0
2006,QB,2006-223,7,D.J. Shockley,223,ATL,23,0,0,0,0,0,0,0,0,0,0,0,0,0,0,26,73.13,214.0
2007,QB,2007-1,1,JaMarcus Russell,1,OAK,22,2009,0,0,2,6,31,354,680,4083,18,23,40,175,1,38,77.5,265.0
2007,QB,2007-22,1,Brady Quinn,22,CLE,22,2012,0,0,1,2,24,296,550,3043,12,17,44,185,1,57,75.75,232.0
2007,QB,2007-36,2,Kevin Kolb,36,PHI,23,2012,0,0,1,12,34,449,755,5206,28,25,69,229,2,29,75.13,218.0
2007,QB,2007-40,2,John Beck,40,MIA,26,2011,0,0,0,4,9,140,239,1417,3,7,19,55,3,7,74.13,215.0
2007,QB,2007-43,2,Drew Stanton,43,DET,23,2017,0,0,1,10,38,345,659,4059,20,24,80,220,2,47,75.25,226.0
2007,QB,2007-92,3,Trent Edwards,92,BUF,23,2012,0,0,2,16,38,563,929,6033,26,30,78,330,3,74,76.13,231.0
2007,QB,2007-103,4,Isaiah Stanback,103,DAL,23,2012,0,0,0,0,22,0,0,0,0,0,0,0,0,94,74.38,216.0
2007,QB,2007-174,5,Troy Smith,174,BAL,23,2010,0,0,0,6,20,121,234,1734,8,5,52,230,3,58,72.0,225.0
2007,QB,2007-205,6,Jordan Palmer,205,WAS,23,2014,0,0,0,0,5,11,18,66,0,2,2,3,0,82,77.63,231.0
2008,QB,2008-3,1,Matt Ryan,3,ATL,23,2022,1,4,15,146,234,5551,8464,62792,381,183,514,1539,13,10,76.75,228.0
2008,QB,2008-56,2,Brian Brohm,56,GNB,22,2010,0,0,0,0,3,27,52,252,0,5,3,-3,0,41,74.88,230.0
2008,QB,2008-57,2,Chad Henne,57,MIA,23,2022,0,0,3,26,78,1200,2015,13290,60,63,143,351,4,46,74.88,230.0
2008,QB,2008-94,3,Kevin O'Connell,94,NWE,23,2008,0,0,0,0,2,4,6,23,0,0,3,-6,0,69,77.0,225.0
2008,QB,2008-156,5,Dennis Dixon,156,PIT,23,2010,0,0,0,2,4,35,59,402,1,2,10,56,1,61,75.25,195.0
2008,QB,2008-162,5,Erik Ainge,162,NYJ,22,0,0,0,0,0,0,0,0,0,0,0,0,0,0,77,77.5,225.0
2008,QB,2008-186,6,Colt Brennan,186,WAS,25,0,0,0,0,0,0,0,0,0,0,0,0,0,0,28,74.38,207.0
2008,QB,2008-198,6,Andre Woodson,198,NYG,24,0,0,0,0,0,0,0,0,0,0,0,0,0,0,37,76.0,229.0
2008,QB,2008-209,7,Matt Flynn,209,GNB,23,2014,0,0,0,8,51,219,357,2541,17,11,65,69,1,38,74.25,231.0
2008,QB,2008-223,7,Alex Brink,223,HOU,23,0,0,0,0,0,0,0,0,0,0,0,0,0,0,95,74.25,211.0
2009,QB,2009-1,1,Matthew Stafford,1,DET,21,2023,0,2,13,121,206,4834,7649,56047,357,180,411,1315,15,26,74.25,225.0
2009,QB,2009-5,1,Mark Sanchez,5,NYJ,22,2018,0,0,4,32,79,1314,2320,15357,86,89,170,457,13,88,74.13,227.0
2009,QB,2009-17,1,Josh Freeman,17,TAM,21,2015,0,0,4,37,62,1179,2048,13873,81,68,205,946,4,36,77.75,248.0
2009,QB,2009-44,2,Pat White,44,MIA,23,2009,0,0,0,1,13,0,5,0,0,0,21,81,0,96,72.25,197.0
2009,QB,2009-101,4,Stephen McGee,101,DAL,23,2011,0,0,0,2,3,46,82,420,3,0,17,102,0,79,74.88,225.0
2009,QB,2009-174,6,Tom Brandstater,174,DEN,24,2011,0,0,0,0,1,0,2,0,0,0,0,0,0,24,77.0,220.0
2009,QB,2009-201,6,Curtis Painter,201,IND,24,2013,0,0,1,2,14,148,287,1681,6,13,23,109,0,65,74.88,225.0
2010,QB,2010-1,1,Sam Bradford,1,STL,22,2018,0,0,5,44,83,1855,2967,19449,103,61,146,340,2,59,76.25,236.0
2010,QB,2010-25,1,Tim Tebow,25,DEN,23,2012,0,0,1,12,35,173,361,2422,17,9,197,989,12,20,74.75,236.0
2010,QB,2010-48,2,Jimmy Clausen,48,CAR,22,2015,0,0,1,3,21,255,472,2520,7,14,37,102,0,57,74.63,222.0
2010,QB,2010-85,3,Colt McCoy,85,CLE,24,2022,0,0,2,17,56,764,1220,7975,34,32,175,582,2,78,73.13,216.0
2010,QB,2010-122,4,Mike Kafka,122,PHI,23,2011,0,0,0,0,4,11,16,107,0,2,3,0,0,56,75.13,225.0
2010,QB,2010-176,6,Rusty Smith,176,TEN,23,2012,0,0,0,1,3,23,45,234,0,4,0,0,0,21,77.0,224.0
2010,QB,2010-204,6,Tony Pike,204,CAR,24,2010,0,0,0,0,1,6,12,47,0,0,0,0,0,14,77.75,223.0
2010,QB,2010-209,7,Levi Brown,209,BUF,23,2010,0,0,0,0,1,2,3,24,0,1,0,0,0,84,75.5,229.0
2011,QB,2011-1,1,Cam Newton,1,CAR,22,2021,1,3,9,115,148,2682,4474,32382,194,123,1118,5628,75,6,77.0,248.0
2011,QB,2011-8,1,Jake Locker,8,TEN,23,2014,0,0,1,15,30,408,709,4967,27,22,95,644,5,94,74.5,231.0
2011,QB,2011-10,1,Blaine Gabbert,10,JAX,21,2023,0,0,2,17,69,882,1568,9487,51,50,201,685,3,50,76.38,234.0
2011,QB,2011-12,1,Christian Ponder,12,MIN,23,2014,0,0,3,22,38,632,1057,6658,38,36,126,639,7,23,74.0,229.0
2011,QB,2011-35,2,Andy Dalton,35,CIN,23,2023,0,3,11,91,169,3408,5454,38511,246,144,471,1477,22,76,74.0,215.0
2011,QB,2011-36,2,Colin Kaepernick,36,SFO,23,2016,0,0,4,45,69,1011,1692,12271,72,30,375,2300,13,52,76.63,233.0
2011,QB,2011-74,3,Ryan Mallett,74,NWE,23,2017,0,0,0,4,21,190,345,1835,9,10,28,-5,1,5,78.75,253.0
2011,QB,2011-135,5,Ricky Stanzi,135,KAN,24,0,0,0,0,0,0,0,0,0,0,0,0,0,0,33,76.38,223.0
2011,QB,2011-152,5,T.J. Yates,152,HOU,24,2017,0,0,0,6,22,179,324,2057,10,11,28,107,1,53,76.0,215.0
2011,QB,2011-160,5,Nathan Enderle,160,CHI,23,0,0,0,0,0,0,0,0,0,0,0,0,0,0,30,76.13,240.0
2011,QB,2011-180,6,Tyrod Taylor,180,BAL,22,2023,0,1,3,48,92,1068,1730,12135,65,29,404,2268,19,93,72.75,217.0
2011,QB,2011-208,7,Greg McElroy,208,NYJ,23,2012,0,0,0,1,2,19,31,214,1,1,8,30,0,1,73.88,220.0
2012,QB,2012-1,1,Andrew Luck,1,IND,22,2018,0,4,5,72,86,2000,3290,23671,171,83,332,1590,14,74,76.0,234.0
2012,QB,2012-2,1,Robert Griffin III,2,WAS,22,2020,0,1,3,36,56,799,1268,9271,43,30,307,1809,10,9,74.0,213.0
2012,QB,2012-8,1,Ryan Tannehill,8,MIA,24,2023,0,1,10,91,155,3063,4764,34881,216,115,440,2103,27,79,75.88,221.0
2012,QB,2012-22,1,Brandon Weeden,22,CLE,28,2018,0,0,1,13,35,559,965,6462,31,30,62,200,1,60,75.5,221.0
2012,QB,2012-57,2,Brock Osweiler,57,DEN,21,2018,0,0,1,14,49,697,1165,7418,37,31,92,266,4,4,78.88,242.0
2012,QB,2012-75,3,Russell Wilson,75,SEA,23,2023,0,9,11,136,188,3668,5665,43653,334,106,981,5307,29,98,70.63,204.0
2012,QB,2012-88,3,Nick Foles,88,PHI,23,2022,0,1,3,32,71,1302,2087,14227,82,47,151,407,6,3,77.0,243.0
2012,QB,2012-102,4,Kirk Cousins,102,WAS,24,2023,0,4,8,94,150,3465,5177,39471,270,110,304,958,19,47,74.63,214.0
2012,QB,2012-185,6,Ryan Lindley,185,ARI,23,2015,0,0,0,-4,10,140,274,1372,3,11,4,7,0,69,75.75,229.0
2012,QB,2012-253,7,Chandler Harnish,253,IND,24,0,0,0,0,0,0,0,0,0,0,0,0,0,0,55,73.63,219.0
2013,QB,2013-16,1,EJ Manuel,16,BUF,23,2017,0,0,1,10,30,343,590,3767,20,16,96,339,4,23,76.0,237.0
2013,QB,2013-39,2,Geno Smith,39,NYJ,22,2023,0,2,3,42,77,1314,2077,14823,84,57,263,1222,10,96,74.38,218.0
2013,QB,2013-73,3,Mike Glennon,73,TAM,23,2021,0,0,1,9,40,689,1147,7025,47,35,56,140,1,54,79.13,225.0
2013,QB,2013-98,4,Matt Barkley,98,PHI,22,2023,0,0,1,5,20,212,363,2699,11,22,26,-15,0,88,74.5,230.0
2013,QB,2013-110,4,Ryan Nassib,110,NYG,23,2015,0,0,0,0,5,9,10,128,1,0,2,-3,0,75,74.13,227.0
2013,QB,2013-112,4,Tyler Wilson,112,OAK,24,0,0,0,0,0,0,0,0,0,0,0,0,0,0,5,74.13,215.0
2013,QB,2013-115,4,Landry Jones,115,PIT,24,2017,0,0,0,4,18,108,169,1310,8,7,19,-19,0,59,76.13,225.0
2013,QB,2013-234,7,Zac Dysert,234,DEN,23,0,0,0,0,0,0,0,0,0,0,0,0,0,0,45,74.88,227.0
2013,QB,2013-237,7,B.J. Daniels,237,SFO,24,2015,0,0,0,0,8,1,2,7,0,0,6,6,0,72,70.63,222.0
2013,QB,2013-249,7,Sean Renfree,249,ATL,23,2015,0,0,0,0,2,3,7,11,0,1,1,-4,0,18,75.13,219.0
2014,QB,2014-3,1,Blake Bortles,3,JAX,22,2019,0,0,5,44,78,1562,2634,17649,103,75,283,1766,8,13,77.0,232.0
2014,QB,2014-22,1,Johnny Manziel,22,CLE,21,2015,0,0,0,4,14,147,258,1675,7,7,46,259,1,79,71.75,207.0
2014,QB,2014-32,1,Teddy Bridgewater,32,MIN,21,2023,0,1,4,49,79,1372,2067,15120,75,47,221,844,11,41,74.13,214.0
2014,QB,2014-36,2,Derek Carr,36,OAK,23,2023,0,4,9,90,159,3576,5506,39100,242,107,310,885,6,24,74.38,214.0
2014,QB,2014-120,4,Logan Thomas,120,ARI,23,2023,0,0,2,15,94,3,11,124,1,0,4,7,0,93,78.13,248.0
2014,QB,2014-135,4,Tom Savage,135,HOU,24,2017,0,0,1,3,13,181,315,2000,5,7,16,8,0,64,75.88,228.0
2014,QB,2014-163,5,Aaron Murray,163,KAN,23,0,0,0,0,0,0,0,0,0,0,0,0,0,0,26,72.5,207.0
2014,QB,2014-164,5,A.J. McCarron,164,CIN,23,2023,0,0,0,4,19,113,179,1192,6,3,22,68,1,1,75.25,220.0
2014,QB,2014-178,6,Zach Mettenberger,178,TEN,23,2015,0,0,1,1,14,208,345,2347,12,14,14,12,1,38,76.88,224.0
2014,QB,2014-183,6,David Fales,183,CHI,23,2019,0,0,0,1,5,31,48,287,1,1,5,8,1,70,73.63,212.0
2014,QB,2014-194,6,Keith Wenning,194,BAL,23,0,0,0,0,0,0,0,0,0,0,0,0,0,0,8,74.63,218.0
2014,QB,2014-213,6,Tajh Boyd,213,NYJ,23,0,0,0,0,0,0,0,0,0,0,0,0,0,0,15,72.63,222.0
2014,QB,2014-214,6,Garrett Gilbert,214,STL,23,2021,0,0,0,2,8,43,75,477,1,1,6,25,0,67,75.88,221.0
2015,QB,2015-1,1,Jameis Winston,1,TAM,21,2023,0,1,5,60,93,1763,2882,22104,141,99,298,1214,11,23,75.75,231.0
2015,QB,2015-2,1,Marcus Mariota,2,TEN,21,2023,0,0,5,54,90,1327,2118,15820,93,55,357,2064,17,61,75.75,222.0
2015,QB,2015-75,3,Garrett Grayson,75,NOR,24,0,0,0,0,0,0,0,0,0,0,0,0,0,0,16,74.5,213.0
2015,QB,2015-89,3,Sean Mannion,89,STL,23,2021,0,0,0,2,14,67,110,573,1,3,25,-3,0,62,77.63,229.0
2015,QB,2015-103,4,Bryce Petty,103,NYJ,24,2017,0,0,0,4,10,130,245,1353,4,10,12,74,0,9,74.88,230.0
2015,QB,2015-147,5,Brett Hundley,147,GNB,22,2019,0,0,1,5,18,199,337,1902,9,13,46,309,2,87,75.25,226.0
2015,QB,2015-250,7,Trevor Siemian,250,DEN,23,2023,0,0,2,16,40,707,1208,7751,44,32,84,251,2,56,74.88,210.0
2016,QB,2016-1,1,Jared Goff,1,LAR,21,2023,0,3,6,83,117,2657,4107,30429,185,82,241,495,12,12,76.0,215.0
2016,QB,2016-26,1,Paxton Lynch,26,DEN,22,2017,0,0,0,2,5,79,128,792,4,4,16,55,0,43,78.63,244.0
2016,QB,2016-51,2,Christian Hackenberg,51,NYJ,21,0,0,0,0,0,0,0,0,0,0,0,0,0,0,63,76.38,223.0
2016,QB,2016-91,3,Jacoby Brissett,91,NWE,23,2023,0,0,3,34,79,981,1600,10574,51,23,230,915,15,54,75.75,231.0
2016,QB,2016-93,3,Cody Kessler,93,CLE,23,2018,0,0,1,5,17,224,349,2215,8,5,31,140,0,88,73.25,220.0
2016,QB,2016-100,4,Connor Cook,100,OAK,23,2016,0,0,0,0,1,14,21,150,1,1,0,0,0,47,76.0,217.0
2016,QB,2016-135,4,Dak Prescott,135,DAL,23,2023,0,4,6,91,114,2595,3873,29459,202,74,407,1884,28,49,74.25,226.0
2016,QB,2016-139,4,Cardale Jones,139,BUF,23,2016,0,0,0,0,1,6,11,96,0,1,1,-1,0,58,77.0,253.0
2016,QB,2016-162,5,Kevin Hogan,162,KAN,23,2021,0,0,0,2,9,60,101,621,4,7,18,176,1,74,75.25,218.0
2016,QB,2016-187,6,Nate Sudfeld,187,WAS,22,2022,0,0,0,1,6,25,37,188,1,1,10,28,0,32,78.13,234.0
2016,QB,2016-191,6,Jake Rudock,191,DET,23,2017,0,0,0,0,3,3,5,24,0,1,0,0,0,46,75.0,207.0
2016,QB,2016-201,6,Brandon Allen,201,JAX,24,2022,0,0,0,4,15,149,263,1611,10,6,33,64,0,5,73.38,217.0
2016,QB,2016-207,6,Jeff Driskel,207,SFO,23,2023,0,0,0,7,24,229,391,2394,16,10,80,417,3,40,76.0,234.0
2016,QB,2016-223,7,Brandon Doughty,223,MIA,24,0,0,0,0,0,0,0,0,0,0,0,0,0,0,97,74.75,213.0
2017,QB,2017-2,1,Mitchell Trubisky,2,CHI,23,2023,0,1,4,38,69,1200,1872,12536,72,48,238,1173,13,53,74.13,222.0
2017,QB,2017-10,1,Patrick Mahomes,10,KAN,21,2023,2,6,5,96,96,2386,3590,28424,219,63,374,1936,12,81,74.13,225.0
2017,QB,2017-12,1,Deshaun Watson,12,HOU,21,2023,0,3,3,58,66,1390,2089,16756,118,45,369,1994,19,15,74.13,221.0
2017,QB,2017-52,2,DeShone Kizer,52,CLE,21,2018,0,0,1,6,18,275,518,3081,11,24,82,458,5,57,76.13,233.0
2017,QB,2017-87,3,Davis Webb,87,NYG,22,2022,0,0,0,1,2,23,40,168,1,0,8,38,1,12,76.63,229.0
2017,QB,2017-104,3,C.J. Beathard,104,SFO,23,2023,0,0,0,9,32,340,563,3886,19,14,64,266,4,33,74.13,219.0
2017,QB,2017-135,4,Joshua Dobbs,135,PIT,22,2023,0,0,0,8,21,312,502,2920,15,13,91,496,6,77,75.25,216.0
2017,QB,2017-171,5,Nathan Peterman,171,BUF,23,2023,0,0,0,3,15,85,160,712,4,13,24,87,1,64,74.63,226.0
2017,QB,2017-215,6,Brad Kaaya,215,DET,22,0,0,0,0,0,0,0,0,0,0,0,0,0,0,44,75.75,214.0
2017,QB,2017-253,7,Chad Kelly,253,DEN,23,2018,0,0,0,0,1,0,0,0,0,0,1,-1,0,48,73.75,224.0
2018,QB,2018-1,1,Baker Mayfield,1,CLE,23,2023,0,1,4,57,89,1750,2825,20332,130,74,251,823,7,59,72.63,215.0
2018,QB,2018-3,1,Sam Darnold,3,NYJ,21,2023,0,0,4,25,66,1082,1811,12064,63,56,209,760,13,88,75.38,221.0
2018,QB,2018-7,1,Josh Allen,7,BUF,22,2023,0,3,5,83,94,1989,3145,22703,167,78,657,3611,53,99,76.88,237.0
2018,QB,2018-10,1,Josh Rosen,10,ARI,21,2021,0,0,1,3,24,277,513,2864,12,21,26,151,0,87,76.0,226.0
2018,QB,2018-32,1,Lamar Jackson,32,BAL,21,2023,2,3,4,84,86,1362,2112,15887,125,45,875,5258,29,41,74.25,216.0
2018,QB,2018-76,3,Mason Rudolph,76,PIT,23,2023,0,0,1,7,21,291,458,3085,19,11,43,97,0,60,76.63,235.0
2018,QB,2018-171,5,Mike White,171,DAL,23,2023,0,0,0,5,14,196,313,2219,9,13,19,-1,1,97,76.63,224.0
2018,QB,2018-199,6,Luke Falk,199,TEN,23,2019,0,0,0,1,3,47,73,416,0,3,0,0,0,95,75.63,215.0
2018,QB,2018-203,6,Tanner Lee,203,JAX,23,0,0,0,0,0,0,0,0,0,0,0,0,0,0,51,76.25,218.0
2018,QB,2018-219,7,Danny Etling,219,NWE,24,0,0,0,0,0,0,0,0,0,0,0,0,0,0,38,74.5,222.0
2018,QB,2018-220,7,Alex McGough,220,SEA,22,0,0,0,0,0,0,0,0,0,0,0,0,0,0,22,75.38,214.0
2018,QB,2018-249,7,Logan Woodside,249,CIN,23,2023,0,0,0,0,13,4,7,34,0,1,14,10,0,83,73.25,213.0
2019,QB,2019-1,1,Kyler Murray,1,ARI,22,2023,0,2,4,57,65,1492,2239,15647,94,46,425,2448,26,59,70.13,207.0
2019,QB,2019-6,1,Daniel Jones,6,NYG,22,2023,0,0,4,38,60,1221,1900,12512,62,40,332,1914,13,18,77.13,221.0
2019,QB,2019-15,1,Dwayne Haskins,15,WAS,22,2020,0,0,0,4,16,267,444,2804,12,14,40,147,1,58,75.38,231.0
2019,QB,2019-42,2,Drew Lock,42,DEN,22,2023,0,0,1,13,28,469,786,5283,28,23,77,299,5,50,75.75,228.0
2019,QB,2019-100,3,Will Grier,100,CAR,24,2019,0,0,0,1,2,28,52,228,0,4,7,22,0,96,74.5,217.0
2019,QB,2019-104,4,Ryan Finley,104,CIN,24,2020,0,0,0,2,8,58,119,638,3,4,21,143,1,54,76.0,213.0
2019,QB,2019-133,4,Jarrett Stidham,133,NWE,23,2023,0,0,0,6,16,117,197,1422,8,8,32,97,0,6,74.38,218.0
2019,QB,2019-167,5,Clayton Thorson,167,PHI,24,0,0,0,0,0,0,0,0,0,0,0,0,0,0,56,76.0,222.0
2019,QB,2019-178,6,Gardner Minshew II,178,JAX,23,2023,0,1,2,29,49,891,1423,9937,59,24,146,621,5,95,73.0,225.0
2019,QB,2019-197,6,Trace McSorley,197,BAL,24,2022,0,0,0,1,9,48,93,502,1,5,21,79,0,63,72.13,202.0
2020,QB,2020-1,1,Joe Burrow,1,CIN,23,2023,0,1,3,44,52,1288,1895,14083,97,37,183,605,10,38,75.63,221.0
2020,QB,2020-5,1,Tua Tagovailoa,5,MIA,22,2023,0,1,3,38,53,1096,1638,12639,81,37,136,381,6,1,72.0,217.0
2020,QB,2020-6,1,Justin Herbert,6,LAC,22,2023,0,1,3,52,62,1613,2422,17223,114,42,224,911,11,61,78.25,236.0
2020,QB,2020-26,1,Jordan Love,26,GNB,21,2023,0,0,0,18,27,422,662,4765,35,14,63,273,4,90,75.75,224.0
2020,QB,2020-53,2,Jalen Hurts,53,PHI,22,2023,0,2,2,56,62,1000,1578,11764,67,34,524,2503,41,59,73.0,222.0
2020,QB,2020-122,4,Jacob Eason,122,IND,22,2022,0,0,0,0,2,5,10,84,0,2,0,0,0,94,77.88,231.0
2020,QB,2020-125,4,James Morgan,125,NYJ,23,0,0,0,0,0,0,0,0,0,0,0,0,0,0,22,76.0,229.0
2020,QB,2020-167,5,Jake Fromm,167,BUF,22,2021,0,0,0,1,3,27,60,210,1,3,8,65,0,26,73.88,219.0
2020,QB,2020-189,6,Jake Luton,189,JAX,24,2020,0,0,0,2,3,60,110,624,2,6,1,13,1,62,78.13,224.0
2020,QB,2020-224,7,Cole McDonald,224,TEN,22,0,0,0,0,0,0,0,0,0,0,0,0,0,0,28,75.13,215.0
2020,QB,2020-231,7,Ben DiNucci,231,DAL,23,2020,0,0,0,1,3,23,43,219,0,0,6,22,0,35,74.0,215.0
2020,QB,2020-240,7,Tommy Stevens,240,NOR,23,2020,0,0,0,0,1,0,0,0,0,0,4,24,0,49,77.0,235.0
2020,QB,2020-244,7,Nate Stanley,244,MIN,23,0,0,0,0,0,0,0,0,0,0,0,0,0,0,33,75.75,235.0
2021,QB,2021-1,1,Trevor Lawrence,1,JAX,21,2023,0,1,2,34,50,1116,1750,11770,58,39,205,964,11,15,77.63,213.0
2021,QB,2021-2,1,Zach Wilson,2,NYJ,22,2023,0,0,2,13,34,566,993,6293,23,25,93,498,5,7,74.13,214.0
2021,QB,2021-11,1,Justin Fields,11,CHI,22,2023,0,0,1,34,40,578,958,6674,40,30,356,2220,14,58,74.75,227.0
2021,QB,2021-15,1,Mac Jones,15,NWE,23,2023,0,1,2,24,42,864,1308,8918,46,36,117,327,1,1,75.0,220.0
2021,QB,2021-64,2,Kyle Trask,64,TAM,23,2023,0,0,0,0,3,3,10,23,0,0,1,-1,0,20,77.25,236.0
2021,QB,2021-66,3,Kellen Mond,66,MIN,22,2021,0,0,0,0,1,2,3,5,0,0,0,0,0,79,74.63,211.0
2021,QB,2021-67,3,Davis Mills,67,HOU,22,2023,0,0,2,15,34,573,912,5955,35,25,52,161,2,74,76.0,225.0
2021,QB,2021-133,4,Ian Book,133,NOR,23,2021,0,0,0,0,1,12,20,135,0,2,3,6,0,57,72.0,211.0
2021,QB,2021-218,6,Sam Ehlinger,218,IND,22,2023,0,0,0,2,8,64,101,573,3,3,20,96,0,78,73.13,220.0
2022,QB,2022-20,1,Kenny Pickett,20,PIT,24,2023,0,0,1,13,25,446,713,4474,13,13,97,291,4,64,75.25,217.0
2022,QB,2022-74,3,Desmond Ridder,74,ATL,23,2023,0,0,0,12,19,322,503,3544,14,12,69,257,5,14,75.38,211.0
2022,QB,2022-86,3,Malik Willis,86,TEN,23,2023,0,0,0,1,11,35,66,350,0,3,32,144,1,39,72.5,219.0
2022,QB,2022-94,3,Matt Corral,94,CAR,23,0,0,0,0,0,0,0,0,0,0,0,0,0,0,48,73.63,212.0
2022,QB,2022-137,4,Bailey Zappe,137,NWE,23,2023,0,0,0,2,14,192,304,2053,11,12,27,83,1,97,72.5,215.0
2022,QB,2022-144,5,Sam Howell,144,WAS,21,2023,0,0,0,12,18,399,631,4115,22,22,53,298,6,53,72.63,218.0
2022,QB,2022-247,7,Skylar Thompson,247,MIA,25,2022,0,0,0,2,7,60,105,534,1,3,14,21,0,36,73.88,217.0
2022,QB,2022-262,7,Brock Purdy,262,SFO,22,2023,0,1,0,24,25,422,614,5654,44,15,61,157,3,34,72.63,212.0
2023,QB,2023-1,1,Bryce Young,1,CAR,22,2023,0,0,0,6,16,315,527,2877,11,10,39,253,0,1,70.13,204.0
2023,QB,2023-2,1,C.J. Stroud,2,HOU,21,2023,0,1,0,14,15,319,499,4108,23,5,39,167,3,58,75.0,214.0
2023,QB,2023-4,1,Anthony Richardson,4,IND,21,2023,0,0,0,3,4,50,84,577,3,1,25,136,4,20,76.25,244.0
2023,QB,2023-33,2,Will Levis,33,TEN,24,2023,0,0,0,6,9,149,255,1808,8,4,25,57,1,37,75.88,229.0
2023,QB,2023-68,3,Hendon Hooker,68,DET,25,0,0,0,0,0,0,0,0,0,0,0,0,0,0,77,75.25,217.0
2023,QB,2023-127,4,Jake Haener,127,NOR,24,0,0,0,0,0,0,0,0,0,0,0,0,0,0,24,71.63,207.0
2023,QB,2023-128,4,Stetson Bennett,128,LAR,25,0,0,0,0,0,0,0,0,0,0,0,0,0,0,26,71.38,192.0
2023,QB,2023-135,4,Aidan O'Connell,135,LVR,25,2023,0,0,0,6,11,213,343,2218,12,7,17,11,1,65,75.0,210.0
2023,QB,2023-139,5,Clayton Tune,139,ARI,24,2023,0,0,0,0,7,12,21,62,0,2,8,30,1,29,74.5,220.0
2023,QB,2023-140,5,Dorian Thompson-Robinson,140,CLE,23,2023,0,0,0,1,8,60,112,440,1,4,14,65,0,87,73.63,203.0
2023,QB,2023-149,5,Sean Clifford,149,GNB,25,2023,0,0,0,0,2,1,1,37,0,0,3,-2,0,63,74.0,218.0
2023,QB,2023-164,5,Jaren Hall,164,MIN,25,2023,0,0,0,1,3,13,20,168,0,1,6,14,0,7,72.13,207.0
2023,QB,2023-188,6,Tanner McKee,188,PHI,23,0,0,0,0,0,0,0,0,0,0,0,0,0,0,74,78.25,231.0
2023,QB,2023-239,7,Max Duggan,239,LAC,22,0,0,0,0,0,0,0,0,0,0,0,0,0,0,76,73.5,207.0
2024,QB,2024-1,1,Caleb Williams,1,CHI,22,0,0,0,0,0,0,0,0,0,0,0,0,0,0,88,73.13,214.0
2024,QB,2024-2,1,Jayden Daniels,2,WAS,23,0,0,0,0,0,0,0,0,0,0,0,0,0,0,38,75.25,210.0
2024,QB,2024-3,1,Drake Maye,3,NWE,22,0,0,0,0,0,0,0,0,0,0,0,0,0,0,53,76.38,223.0
2024,QB,2024-8,1,Michael Penix,8,ATL,24,0,0,0,0,0,0,0,0,0,0,0,0,0,0,94,74.25,216.0
2024,QB,2024-10,1,J.J. McCarthy,10,MIN,21,0,0,0,0,0,0,0,0,0,0,0,0,0,0,46,74.5,219.0
2024,QB,2024-12,1,Bo Nix,12,DEN,24,0,0,0,0,0,0,0,0,0,0,0,0,0,0,61,74.13,214.0
2024,QB,2024-150,5,Spencer Rattler,150,NOR,23,0,0,0,0,0,0,0,0,0,0,0,0,0,0,71,72.25,211.0
2024,QB,2024-171,5,Jordan Travis,171,NYJ,24,0,0,0,0,0,0,0,0,0,0,0,0,0,0,23,73.13,203.0
2024,QB,2024-193,6,Joe Milton,193,NWE,24,0,0,0,0,0,0,0,0,0,0,0,0,0,0,77,77.13,235.0
2024,QB,2024-218,6,Devin Leary,218,BAL,24,0,0,0,0,0,0,0,0,0,0,0,0,0,0,37,73.25,215.0
2024,QB,2024-245,7,Michael Pratt,245,GNB,22,0,0,0,0,0,0,0,0,0,0,0,0,0,0,85,74.5,217.0
